tree
version=v4
num_class=1
num_tree_per_iteration=1
label_index=0
max_feature_idx=15
objective=binary sigmoid:1
feature_names=return_lag_1 return_lag_2 return_lag_3 return_lag_4 return_lag_5 volatility_20 sma20_deviation sma50_deviation sma200_deviation bb_position rsi14 macd_hist_ratio btc_return day_of_week hour_of_day symbol_code
feature_infos=[-0.25391120507399578:0.70019188764366036] [-0.25391120507399578:0.70019188764366036] [-0.25391120507399578:0.70019188764366036] [-0.25391120507399578:0.70019188764366036] [-0.25391120507399578:0.70019188764366036] [0.00047911117593152868:0.23788391319943758] [-0.35378572744313597:2.2409231073946141] [-0.47250637406195484:4.4759165603422959] [-0.59235826780005651:7.1616280119211257] [-0.57580889547906033:1.5884245937209556] [5.0684418581999999:98.791911056900005] [-0.10159485498235167:0.077834848759957345] [-0.18211473428145242:0.17383988921813565] [1:7] [0:23] -1:3:0:5:1:2:4
tree_sizes=1790 1842 1822 1824 1812 1822 1849 1826 1822 1841 1850 1830 1839 1837 1827 1854 1831 1804 1819 1812 1840 1841 1843 1841 1850 1831 1822 1809 1825 1833 1811 1810 1815 1840 1810 1838 1824 1811 1825 1811 1831 1812 1824 1823 1822 1844 1817 1821 1809 1832 1843 1806 1807 1806 1858 1816 1833 1818 1840 1839 1824

Tree=0
num_leaves=15
num_cat=1
split_feature=0 1 1 12 0 10 11 10 14 2 14 13 14 15
split_gain=1080.02 321.504 253.274 101.701 97.2662 96.3227 54.4241 54.0596 53.699 53.6561 42.8579 38.9298 38.4805 38.3515
threshold=-0.0010340651709378477 -0.00061826149468968683 0.00015689145994202128 -0.0030459472165486052 0.0017964502154070863 47.271992090150007 -0.0020169013574580213 50.603703489850012 2.5000000000000004 -0.0083747951989255869 13.500000000000002 1.5000000000000002 16.500000000000004 0
decision_type=2 2 2 2 2 2 2 2 2 2 2 2 2 1
left_child=2 5 6 -4 7 12 -1 -3 -5 -6 -7 -8 -2 -10
right_child=1 4 3 8 9 10 11 -9 13 -11 -12 -13 -14 -15
leaf_value=0.04780288388262894 0.030622898461912226 0.028655490670729259 0.038080676472040144 0.017325057954874525 0.02298752876090511 0.021926009139635556 0.031702692159457077 0.018904145063904858 0.03660780381048763 0.013470390752117291 0.029047663707229086 0.041767920096835123 0.03963674144374054 0.027874172534982904
leaf_weight=3488.0209423601627 4066.4000509679317 2528.4715050458908 4462.0673495531082 934.05476614832878 1785.1268771290779 5060.4422786831856 1133.7630236148834 3245.8215662837029 1687.6472520828247 8691.9332332909107 3626.4919994771481 6292.4347706139088 1670.4008568823338 4838.4886708855629
leaf_count=13955 16269 10116 17852 3737 7142 20246 4536 12986 6752 34775 14509 25175 6683 19358
internal_value=0.028915 0.022786 0.0371476 0.0321095 0.0179636 0.0282195 0.042651 0.0231741 0.028538 0.015092 0.0248991 0.0402313 0.0332475 0.0301429
internal_weight=53511.6 30675.1 22836.5 11922.3 16251.4 14423.7 10914.2 5774.29 7460.19 10477.1 8686.93 7426.2 5736.8 6526.14
internal_count=214091 122726 91365 47699 65019 57707 43666 23102 29847 41917 34755 29711 22952 26110
cat_boundaries=0 1
cat_threshold=2
is_linear=0
shrinkage=1


Tree=1
num_leaves=15
num_cat=1
split_feature=0 1 1 9 12 0 14 2 12 14 11 13 9 15
split_gain=974.795 290.097 228.675 101.904 91.7951 88.3487 68.9417 55.5838 54.2452 48.4611 47.5409 36.0041 34.8268 34.6367
threshold=-0.0010340651709378477 -0.00061826149468968683 0.00015689145994202128 0.706159150083283 -0.0030459472165486052 0.0013749033117083089 16.500000000000004 -0.0044977056822096953 1.0000000180025095e-35 2.5000000000000004 -0.0057584036738351383 5.5000000000000009 0.73298267068303891 0
decision_type=2 2 2 2 2 2 2 2 2 2 2 2 2 1
left_child=2 3 8 6 -4 12 -2 -7 10 -6 -1 -5 -3 -11
right_child=1 5 4 11 9 7 -8 -9 -10 13 -12 -13 -14 -15
leaf_value=0.026192256115050983 -0.00054777424033641625 -0.0019537293697687616 0.0087088072607900881 -0.0043784670955268482 -0.011008882749155551 -0.0072729984763794282 0.0085643584149452008 -0.015067436898363491 0.0048937745991427008 0.0073114150888199869 0.013463198573275402 -0.014766536152470245 -0.010851573933318263 -0.00098883078514679134
leaf_weight=803.79071526229382 7307.8567991107702 3358.6973330974579 4461.3823595643044 3071.5080863535404 934.17989178001881 3192.4316931217909 2899.3353581875563 8067.0831067860126 1716.7158617377281 1687.4345569610596 8390.9720711261034 1145.0668885707855 1635.0984749495983 4838.5602081418037
leaf_count=3217 29237 13437 17852 12288 3737 12771 11601 32270 6870 6752 33579 4581 6541 19358
internal_value=1.01847e-07 -0.00582205 0.00782239 -0.000660665 0.00303528 -0.0104024 0.00204051 -0.0128575 0.0130526 -0.000357637 0.014576 -0.00719949 -0.00486711 0.00116706
internal_weight=53510.1 30677.1 22833 14423.8 11921.6 16253.3 10207.2 11259.5 10911.5 7460.17 9194.76 4216.57 4993.8 6525.99
internal_count=214091 122726 91365 57707 47699 65019 40838 45041 43666 29847 36796 16869 19978 26110
cat_boundaries=0 1
cat_threshold=2
is_linear=0
shrinkage=0.05


Tree=2
num_leaves=15
num_cat=0
split_feature=0 1 1 0 12 6 2 12 14 11 6 12 1 14
split_gain=879.871 264.321 206.497 99.3085 82.857 60.6104 55.6911 48.9994 43.7371 42.9868 34.7136 34.3325 34.1101 32.8746
threshold=-0.0010340651709378477 -0.0020209249951064763 0.00015689145994202128 0.0013749033117083089 -0.0030459472165486052 -0.0054839190580736599 -0.0083747951989255869 1.0000000180025095e-35 2.5000000000000004 -0.0057584036738351383 -0.0058373083078333545 -3.8460883715230036e-05 -0.005178770220529926 2.5000000000000004
decision_type=2 2 2 2 2 2 2 2 2 2 2 2 2 2
left_child=2 5 7 -3 13 -2 -5 9 10 -1 -6 -8 -9 -4
right_child=1 3 4 6 8 -7 11 12 -10 -11 -12 -13 -14 -15
leaf_value=0.02490297342455064 0.0050421336797246349 -0.003817717513557973 -0.0025464590329246956 -0.0039580985487663017 0.0042095210278120486 -0.002413178402063525 -0.0067129659269329596 0.012209025695591576 0.0011092274635240479 0.012794359730060476 -0.016791072173242556 -0.014199009858403361 -0.001922187175783013 0.009977592188171569
leaf_weight=803.15013265609741 4432.0971599370241 6031.7723900526762 606.41804037988186 2032.0925640016794 281.74719546735287 7082.8548011630774 1834.9514426141977 798.28023083508015 6525.811932772398 8388.2098670601845 652.49350503087044 9263.962808534503 918.24689063429832 3854.1402030736208
leaf_count=3217 17734 24130 2427 8129 1127 28336 7340 3195 26110 33579 2610 37057 3675 15425
internal_value=1.92698e-07 -0.00553082 0.00743295 -0.00912852 0.00288403 0.000456366 -0.0115681 0.0124042 -0.000339332 0.0138524 -0.0104577 -0.0129614 0.00464961 0.00827493
internal_weight=53506.2 30677.7 22828.5 19162.8 11920.6 11515 13131 10907.9 7460.05 9191.36 934.241 11098.9 1716.53 4460.56
internal_count=214091 122726 91365 76656 47699 46070 52526 43666 29847 36796 3737 44397 6870 17852
is_linear=0
shrinkage=0.05


Tree=3
num_leaves=15
num_cat=0
split_feature=12 10 1 1 1 12 14 14 11 12 12 14 14 14
split_gain=587.965 276.899 114.669 111.422 94.3028 68.0439 60.8237 42.2647 39.9632 36.5368 35.7739 33.2288 41.5464 31.7528
threshold=-0.0014625231101467737 47.733655411200012 -0.0021416575353460083 8.8066930867491968e-05 0.00015689145994202128 7.2620020280522737e-05 2.5000000000000004 7.5000000000000009 -0.0023964191262710395 -0.0034080137429445263 0.00023138161351154987 22.500000000000004 13.500000000000002 16.500000000000004
decision_type=2 2 2 2 2 2 2 2 2 2 2 2 2 2
left_child=3 4 10 8 13 7 -5 -4 -1 -8 -3 12 -7 -2
right_child=1 2 5 6 -6 11 9 -9 -10 -11 -12 -13 -14 -15
leaf_value=0.018037246583435012 0.0034969208573943523 0.003725304856272837 -0.010655160253395171 -0.0069082761019790447 -0.0030397132509722702 -0.013593068269772657 0.008760542382799481 -0.0024046307935772552 0.010125499546129207 0.0013739095879459064 -0.0038368242292025679 -0.023954653640606661 -0.0068265309919947961 0.010168093438063856
leaf_weight=2285.5469725728035 6196.7304784059525 2400.7118760198355 2304.5717928111553 1091.6824590861797 5306.9011098891497 5589.8539095968008 4156.8298832178116 4754.7226969301701 5290.9541873186827 2802.8969414383173 4486.9108870029449 509.70777992904186 3817.924735635519 2504.6218428611755
leaf_count=9156 24800 9607 9220 4368 21231 22361 16639 19023 21183 11214 17951 2039 15273 10026
internal_value=2.20251e-07 -0.00336686 -0.00664242 0.00816001 0.00221336 -0.00885004 0.00406455 -0.00509809 0.0125122 0.00578572 -0.00120101 -0.0115207 -0.010847 0.00541717
internal_weight=53500.6 37872.7 23864.4 15627.9 14008.3 16976.8 8051.41 7059.29 7576.5 6959.73 6887.62 9917.49 9407.78 8701.35
internal_count=214091 151531 95474 62560 56057 67916 32221 28243 30339 27853 27558 39673 37634 34826
is_linear=0
shrinkage=0.05


Tree=4
num_leaves=15
num_cat=0
split_feature=0 1 1 9 12 0 14 2 9 2 14 10 0 13
split_gain=754.398 214.6 176.193 80.3369 69.377 64.2843 60.38 49.5099 47.502 40.2868 40.0021 38.583 33.3068 31.0177
threshold=-0.00080868485094942588 -0.00061826149468968683 8.8066930867491968e-05 0.706159150083283 -0.0030459472165486052 0.0017964502154070863 16.500000000000004 0.00087904585640885557 0.19841100276471174 -0.010127498392848098 2.5000000000000004 50.603703489850012 -0.0046319666375738691 5.5000000000000009
decision_type=2 2 2 2 2 2 2 2 2 2 2 2 2 2
left_child=2 3 7 6 -4 11 -2 -1 -6 -7 -10 -3 -9 -5
right_child=1 5 4 13 8 9 -8 12 10 -11 -12 -13 -14 -15
leaf_value=0.014472792348686484 -0.00081311916506967988 6.5502680069533332e-05 0.0075082492064097589 -0.0039990201778816424 0.0081495414731877196 -0.0037913136372905868 0.0078368379669601362 0.011366838558901898 -0.012335589841762806 -0.012799450977801935 -0.00054992563647785354 -0.0085541536186399258 0.0035534073419055592 -0.013710713427502226
leaf_weight=5712.4540468603373 7099.3243964761496 2301.5166642665863 4527.1689569652081 3029.0265291184187 1387.6665221452713 1438.7230328023434 2818.378633916378 3011.3820415586233 823.92715927958488 9039.3922730386257 5706.2898782938719 2978.1741040945053 2493.1004297733307 1128.4668710380793
leaf_count=22885 28404 9207 18126 12117 5552 5755 11281 12065 3296 36162 22830 11913 9984 4514
internal_value=2.39203e-07 -0.00528775 0.00666733 -0.000800745 0.00257117 -0.00929564 0.001645 0.011212 -0.000251686 -0.0115626 -0.00203694 -0.00479668 0.00782796 -0.00663506
internal_weight=53495 29833 23662 14075.2 12445.1 15757.8 9917.7 11216.9 7917.88 10478.1 6530.22 5279.69 5504.48 4157.49
internal_count=214091 119353 94738 56316 49804 63037 39685 44934 31678 41917 26126 21120 22049 16631
is_linear=0
shrinkage=0.05


Tree=5
num_leaves=15
num_cat=1
split_feature=0 1 1 0 9 14 0 14 0 9 6 13 15 10
split_gain=682.263 200.055 153.544 86.642 63.3107 58.5699 48.6247 38.7327 35.0851 34.7781 31.2944 29.9283 26.1514 23.8099
threshold=-0.0010340651709378477 -0.0024283600805772294 0.00015689145994202128 0.0013749033117083089 0.706159150083283 2.5000000000000004 -0.0035090298585189745 16.500000000000004 -0.0046319666375738691 0.28153222016281204 -0.012230264298837055 5.5000000000000009 0 49.896945080900004
decision_type=2 2 2 2 2 2 2 2 2 2 2 2 1 2
left_child=2 4 8 9 7 10 -7 -2 12 -3 -4 -6 -1 -5
right_child=1 3 5 13 11 6 -8 -9 -10 -11 -12 -13 -14 -15
leaf_value=0.0058498845207577361 0.00072998686129146151 0.0047407997487442805 0.0063897035757979094 -0.0068127876690415885 -0.002687057307947003 0.0064547259970193158 -0.0007508450988592361 0.00850134347750575 0.0075465667667039028 -0.0047757657100136264 -0.010419901059275982 -0.014272798151281916 0.014728040384611077 -0.011419844759489988
leaf_weight=1039.8260183632374 5661.0230378657579 1182.4778000414371 361.89666002988815 3951.2772256731987 2120.1270664781332 6808.7122864574194 3568.3733247816563 2236.8706011176109 4643.5199148654938 5103.3405593037605 1178.618247628212 756.23507486283779 5211.489873662591 9662.6348606497049
leaf_count=4169 22650 4731 1448 15808 8481 27256 14279 8956 18604 20415 4716 3025 20893 38660
internal_value=2.54723e-07 -0.0048697 0.00654848 -0.00784088 0.00061799 0.0026264 0.00397694 0.00293102 0.0108387 -0.00298553 -0.006471 -0.00573311 0.0132842 -0.0100827
internal_weight=53486.4 30674 22812.4 19899.7 10774.3 11917.6 10377.1 7897.89 10894.8 6285.82 1540.51 2876.36 6251.32 13613.9
internal_count=214091 122726 91365 79614 43112 47699 41535 31606 43666 25146 6164 11506 25062 54468
cat_boundaries=0 1
cat_threshold=16
is_linear=0
shrinkage=0.05


Tree=6
num_leaves=15
num_cat=1
split_feature=12 9 9 1 1 14 12 11 14 14 14 12 15 12
split_gain=460.111 272.124 130.006 83.5039 73.124 49.9573 43.8339 34.2957 33.1755 28.7553 33.8992 28.547 25.6864 25.0092
threshold=-0.0014625231101467737 0.22699495526036137 0.79461129620624871 8.8066930867491968e-05 8.8066930867491968e-05 2.5000000000000004 0.00081821880535426505 -0.0029325602603736179 16.500000000000004 16.500000000000004 22.500000000000004 -0.0034080137429445263 0 3.2962015557247433e-05
decision_type=2 2 2 2 2 2 2 2 2 2 2 2 1 2
left_child=3 6 4 7 8 -5 -2 -1 13 -6 -11 -7 -4 -3
right_child=1 2 12 5 9 11 -8 -9 -10 10 -12 -13 -14 -15
leaf_value=0.016800408438769784 0.0091999875035433786 0.0018346124018038005 -0.013868766949018691 -0.0062672237879102342 -0.0076212837903896907 0.0078684981334136116 0.0011528608091621328 0.0090421354319641743 0.0044306886994687654 0.00053822969755600958 -0.013507410171623111 0.0013381640432604941 -0.0081126968970335819 -0.0039094189986672882
leaf_weight=1903.1851338297129 4148.5210482925177 3087.6782386004925 2808.2362484633923 1091.6241582632065 7092.3140940219164 4154.1293477714062 2858.1716386079788 5662.9782882034779 3061.0280078649521 2550.8651356697083 516.57744175195694 2802.5348544120789 6833.2865991145372 4905.8183460682631
leaf_count=7640 16615 12361 11237 4368 28377 16639 11441 22699 12255 10206 2067 11214 27343 19629
internal_value=4.62834e-07 -0.00297789 -0.00499783 0.00722249 -0.00280985 0.00367725 0.0059174 0.0109936 4.36523e-06 -0.00587191 -0.00182715 0.00523771 -0.00981204 -0.00169065
internal_weight=53476.9 37862.5 30855.8 15614.5 21214.3 8048.29 7006.69 7566.16 11054.5 10159.8 3067.44 6956.66 9641.52 7993.5
internal_count=214091 151531 123475 62560 84895 32221 28056 30339 44245 40650 12273 27853 38580 31990
cat_boundaries=0 1
cat_threshold=36
is_linear=0
shrinkage=0.05


Tree=7
num_leaves=15
num_cat=0
split_feature=0 1 1 9 0 12 2 2 10 12 9 9 0 6
split_gain=579.981 171.33 126.28 63.9403 54.5294 50.8529 39.2382 34.6071 31.0133 30.2396 30.2334 30.1935 25.1249 28.2736
threshold=-0.0010340651709378477 -0.00050119755833155633 0.00015689145994202128 0.706159150083283 0.0017964502154070863 -0.0030459472165486052 -0.0018048773816547457 -0.0044977056822096953 50.603703489850012 1.0000000180025095e-35 0.23075767130046063 0.19841100276471174 0.00576167088598012 -0.088270780375581434
decision_type=2 2 2 2 2 2 2 2 2 2 2 2 2 2
left_child=2 3 6 10 8 -4 -1 -6 -3 -8 12 -7 -2 -14
right_child=1 4 5 -5 7 11 9 -9 -10 -11 -12 -13 13 -15
leaf_value=0.014182458928161119 0.0083852926890959877 8.2111102998217323e-05 0.0067097452562349703 -0.005700662509926565 -0.0056951801144917071 0.0067692600515684613 0.0091986202804758242 -0.012076661113512042 -0.0073787293624877435 0.00030169124658024904 -0.00028593636449027133 -0.0015270216568264577 0.03224670072556287 -0.0034187950257980639
leaf_weight=3623.9553227573633 2289.9807623028755 2469.4480193555355 4455.7931999266148 4315.6896392852068 2989.4987473338842 1335.9651798307896 6129.1769568622112 7342.7728261053562 3194.9865957945585 1131.3655912429094 7100.6851869523525 6123.4789277762175 59.197777330875397 906.2382058352232
leaf_count=14545 9168 9879 17852 17265 11961 5347 24590 29392 12782 4531 28414 24500 237 3628
internal_value=2.63147e-07 -0.00448975 0.00603989 -0.000587507 -0.00806879 0.00248338 0.0099332 -0.0102303 -0.00412613 0.00781227 0.00154329 -4.11812e-05 0.00553319 -0.00123189
internal_weight=53468.2 30668.5 22799.7 14671.8 15996.7 11915.2 10884.5 10332.3 5664.43 7260.54 10356.1 7459.44 3255.42 965.436
internal_count=214091 122726 91365 58712 64014 47699 43666 41353 22661 29121 41447 29847 13033 3865
is_linear=0
shrinkage=0.05


Tree=8
num_leaves=15
num_cat=0
split_feature=0 1 1 0 0 2 10 2 14 14 12 14 14 1
split_gain=524.489 157.6 120.948 78.3114 53.5635 43.3188 38.8198 32.5396 30.8415 30.7289 33.5499 29.6163 32.0629 29.5076
threshold=-0.00074823212623514868 -0.0038586416624890592 0.00049346931626403922 0.0031201227894854804 -0.0041428363514217073 0.0014574498564381424 51.628000760650004 -0.0095755516911676369 17.500000000000004 2.5000000000000004 0.00081821880535426505 13.500000000000002 22.500000000000004 0.013739615896328551
decision_type=2 2 2 2 2 2 2 2 2 2 2 2 2 2
left_child=2 -2 5 6 8 -1 -3 -5 13 -6 -11 -8 -13 -4
right_child=1 3 4 7 9 -7 11 -9 -10 10 -12 12 -14 -15
leaf_value=0.011779533485807778 0.0013933827562663216 -0.00041683528536442561 0.0049538104710021335 -0.0029883414334335549 -0.012673979311106705 0.0057211584941942312 -0.0097979365289541931 -0.01074216800896495 0.010788435281839695 0.0014276170094577976 -0.010094672016265425 0.00013812505593190037 -0.017815376788377336 -0.0041485673285982742
leaf_weight=6611.0617710202932 8317.0106026381254 4997.0115162432194 4033.7353538274765 1577.9983147233725 589.21297588944435 5328.8686788231134 3020.2112340629101 9492.530887439847 1653.5524016916752 3721.7701929956675 760.92690697312355 1924.8293293118477 285.57733787596226 1142.5471515506506
leaf_count=26539 33286 19995 16154 6313 2358 21377 12086 38001 6623 14895 3044 7702 1143 4575
internal_value=2.75507e-07 -0.00444346 0.0055201 -0.00672277 0.00195315 0.00907564 -0.00356843 -0.00963693 0.0048437 -0.00193925 -0.000528263 -0.00657927 -0.00218141 0.00294467
internal_weight=53456.8 29615.2 23841.7 21298.2 11901.7 11939.9 10227.6 11070.5 6829.83 5071.91 4482.7 5230.62 2210.41 5176.28
internal_count=214091 118526 95565 85240 47649 47916 40926 44314 27352 20297 17939 20931 8845 20729
is_linear=0
shrinkage=0.05


Tree=9
num_leaves=15
num_cat=1
split_feature=12 9 9 14 11 14 13 14 1 12 1 12 15 14
split_gain=359.811 227.172 109.381 57.948 52.3828 45.5764 44.5211 42.9334 38.7215 37.5934 24.6201 23.7286 23.0403 26.8831
threshold=-0.0022286733329855975 0.22699495526036137 0.79461129620624871 16.500000000000004 -0.0027402012240810383 22.500000000000004 5.5000000000000009 2.5000000000000004 8.8066930867491968e-05 0.00081821880535426505 0.0015243290970815562 0.0010040672475923886 0 12.500000000000002
decision_type=2 2 2 2 2 2 2 2 2 2 2 2 1 2
left_child=4 9 3 8 -1 10 12 -6 -3 -2 -5 -10 -4 -14
right_child=1 2 6 5 7 -7 -8 -9 11 -11 -12 -13 13 -15
leaf_value=0.013163595272924468 0.0081050503998184396 -0.0014590190319313883 -0.002937108654510297 0.0063235403201667012 -0.0026872370983262346 -0.007655434305021744 -0.013874084732279315 0.0068844143932924266 -0.0041427070649021902 0.00087572326435475566 -0.00055261383907882864 -0.0098208590327418799 -0.012505448250496945 -0.004741745716207133
leaf_weight=2945.2461562156677 4851.5233011692762 8518.7337263822556 2933.911964982748 3328.7266325354576 1359.1041615903378 1068.6821045130491 2740.92441855371 8489.7034632265568 4748.7872284054756 2857.4023430496454 2137.8325334638357 3003.7013559490442 2270.7988788038492 2190.7132989615202
leaf_count=11834 19450 34103 11745 13330 5446 4279 10974 34045 19003 11441 8555 12024 9092 8770
internal_value=2.79785e-07 -0.00230124 -0.00410935 -0.00218859 0.00731312 0.00178826 -0.008431 0.00556356 -0.00378587 0.00542542 0.00363445 -0.00634271 -0.00641366 -0.00867384
internal_weight=53445.8 40651.7 32942.8 22806.5 12794.1 6535.24 10136.3 9848.81 16271.2 7708.93 5466.56 7752.49 7395.42 4461.51
internal_count=214091 162766 131875 91294 51325 26164 40581 39491 65130 30891 21885 31027 29607 17862
cat_boundaries=0 1
cat_threshold=3
is_linear=0
shrinkage=0.05


Tree=10
num_leaves=15
num_cat=1
split_feature=0 1 1 0 14 11 13 15 2 0 2 2 8 1
split_gain=445.821 136.185 99.0279 75.0938 47.9799 35.6746 37.8981 35.4657 34.9094 34.3319 29.5666 27.4981 24.9851 24.3466
threshold=-0.0010340651709378477 -0.0038586416624890592 0.0010519321498415615 0.0031201227894854804 2.5000000000000004 -0.0020169013574580213 1.5000000000000002 0 -0.0060298885605555288 -0.0042417383675916178 -0.0037453707582693614 0.0090003486428682517 -0.0077946192445672016 0.00072049789818728904
decision_type=2 2 2 2 2 2 2 1 2 2 2 2 2 2
left_child=2 -2 5 8 -4 11 12 -8 -3 -6 -5 -1 -7 -10
right_child=1 3 4 10 9 6 7 -9 13 -11 -12 -13 -14 -15
leaf_value=0.014052225909221897 0.0014396592507730428 0.0039480956650980456 -0.0069505870485630636 -0.0050813862227917089 0.005596074618044929 -0.0088876248038194262 -0.0015702556342783555 0.0092635116517876086 -0.0015577191756022753 -0.00062928265610801904 -0.01065780932204553 0.00085067589145240523 0.0050879410858282988 -0.0066100200326736558
leaf_weight=3258.7090800404549 8509.8816781640053 1519.1386013776064 1378.0700414925814 3456.9873987585306 5427.0542057007551 590.85577403008938 860.74254564940929 6375.6960856318474 4539.9836053103209 3741.4953464120626 7608.7223973572254 448.77254676818848 697.12276461720467 5022.4132577031851
leaf_count=13113 34062 6079 5516 13837 21746 2371 3454 25589 18169 14975 30477 1805 2796 20102
internal_value=2.56034e-07 -0.00393644 0.00529857 -0.00600215 0.00174818 0.0083598 0.00657902 0.00798551 -0.00309276 0.00305564 -0.0089157 0.0124542 -0.0013233 -0.00421132
internal_weight=53435.6 30657.1 22778.5 22147.2 10546.6 12231.9 8524.42 7236.44 11081.5 9168.55 11065.7 3707.48 1287.98 9562.4
internal_count=214091 122726 91365 88664 42237 49128 34210 29043 44350 36721 44314 14918 5167 38271
cat_boundaries=0 1
cat_threshold=16
is_linear=0
shrinkage=0.05


Tree=11
num_leaves=15
num_cat=1
split_feature=0 9 1 0 1 13 14 14 14 15 14 14 14 14
split_gain=404.909 141.458 76.2453 71.5051 69.5822 40.4325 35.655 26.4644 25.4793 24.9725 24.4958 24.3329 26.8974 29.4376
threshold=-0.0025134136442213069 0.72133117308123551 -0.0024283600805772294 0.0015571451186321419 0.00049346931626403922 5.5000000000000009 2.5000000000000004 16.500000000000004 16.500000000000004 0 22.500000000000004 4.5000000000000009 22.500000000000004 21.500000000000004
decision_type=2 2 2 2 2 2 2 2 2 1 2 2 2 2
left_child=4 2 8 -4 9 11 -6 -5 -2 -1 -9 -3 13 -13
right_child=1 5 3 7 6 -7 -8 10 -10 -11 -12 12 -14 -15
leaf_value=0.0028362990005509742 0.0011421406711443274 -0.010745569144411195 0.00028986899748136686 -0.0092407428493711391 -0.0050135447741500826 -0.011837819265633612 0.0042374613577028158 -9.5370869455153053e-07 0.0069902812427471653 0.010315039422453065 -0.016233707129246752 -0.0043152147649904672 -0.015577666453889527 0.0095007577432035303
leaf_weight=1337.795405164361 6577.4346291869879 1820.3030374646187 7163.927373573184 4272.5456836670637 1202.9844760894775 3531.9939171671867 7761.8048135787249 1694.1201801896095 2598.1964380890131 7667.7923378199339 269.35783073306084 6621.7438254207373 494.27095521986485 409.38510712981224
leaf_count=5377 26332 7291 28677 17108 4815 14148 31099 6781 10414 30835 1079 26516 1980 1639
internal_value=3.41441e-07 -0.00309874 -0.000713368 -0.00311786 0.00611443 -0.00728047 0.00299607 -0.00703265 0.00279812 0.00921866 -0.00222783 -0.00555812 -0.00430334 -0.00351078
internal_weight=53423.7 35453.3 22575.6 13400 17970.4 12877.7 8964.79 6236.02 9175.63 9005.59 1963.48 9345.7 7525.4 7031.13
internal_count=214091 141965 90391 53645 72126 51574 35914 24968 36746 36212 7860 37426 30135 28155
cat_boundaries=0 1
cat_threshold=16
is_linear=0
shrinkage=0.05


Tree=12
num_leaves=15
num_cat=1
split_feature=0 1 1 0 14 0 15 0 2 9 14 4 14 9
split_gain=368.014 112.658 90.3758 57.4209 45.8925 40.6109 37.0636 35.1109 34.0637 33.1678 30.593 34.709 34.3782 29.1842
threshold=-0.00074823212623514868 -0.0038586416624890592 0.0024803917246194467 0.0031201227894854804 2.5000000000000004 -0.0042417383675916178 0 -0.0078222531387333021 -0.00091101877263127784 0.65580742086026655 15.500000000000002 0.00032784955586362413 22.500000000000004 0.844470899318017
decision_type=2 2 2 2 2 2 1 2 2 2 2 2 2 2
left_child=2 -2 6 10 -4 -6 -1 9 -9 -8 11 -3 13 -12
right_child=1 3 4 -5 5 -7 7 8 -10 -11 12 -13 -14 -15
leaf_value=0.00042098274475991636 0.0012130004001676235 -0.0015304605833873532 -0.0085334903611459633 -0.0081472739591728436 0.0050454019671586419 -0.0023627574431755527 0.010508226036805369 0.010258439906326484 0.0039151727750026634 0.027148342345687124 0.0053475025490552029 -0.0087316550227190346 -0.011138624478084537 -0.0069848206582654553
leaf_weight=1885.8626220375299 8315.1487886756659 3548.3027390986681 1184.8328732550144 11059.595201224089 4559.2117336541414 3113.1587724238634 3627.5730220228434 3341.0035451203585 5774.3128942996264 326.40881207585335 2397.4383453726768 3166.591756567359 512.06760832667351 599.74005569517612
leaf_count=7575 33286 14203 4743 44314 18275 12460 14608 13421 23172 1311 9595 12676 2051 2401
internal_value=4.60936e-07 -0.00372216 0.0046277 -0.00565024 0.000625102 0.00203945 0.00699824 0.00794093 0.00624015 0.0118819 -0.00294916 -0.00492638 0.000834225 0.00287979
internal_weight=53411.2 29598.9 23812.4 21283.7 8857.2 7672.37 14955.2 13069.3 9115.32 3953.98 10224.1 6714.89 3509.25 2997.18
internal_count=214091 118526 95565 85240 35478 30735 60087 52512 36593 15919 40926 26879 14047 11996
cat_boundaries=0 1
cat_threshold=16
is_linear=0
shrinkage=0.05


Tree=13
num_leaves=15
num_cat=0
split_feature=0 1 1 0 0 6 10 12 4 1 14 12 12 14
split_gain=333.5 122.834 58.3623 52.5873 52.0412 38.0544 37.383 29.363 32.1592 28.8866 24.7239 24.4806 26.0147 22.5762
threshold=-0.0025134136442213069 -0.00061826149468968683 0.00049346931626403922 0.0013749033117083089 0.003699763210055496 0.0015795129198301618 42.545377732100008 -0.0046942448263663774 0.0034242346181856402 -0.0039508958830135046 19.500000000000004 0.011578430794286223 -3.8460883715230036e-05 22.500000000000004
decision_type=2 2 2 2 2 2 2 2 2 2 2 2 2 2
left_child=2 4 -1 5 6 -3 -2 -4 -9 -6 -8 12 -5 -14
right_child=1 3 7 11 9 -7 10 8 -10 -11 -12 -13 13 -15
leaf_value=0.0083974026250250976 0.0080705087153449592 0.0010544203503173794 0.0068869698454529825 -0.0031935472890255549 -0.00055463669957201474 -0.0058898163431896841 -0.00045999345629283372 0.0031731382989597769 -0.0046687610160607981 -0.0072278961853026111 0.0079852377198955278 -0.00029103458573615995 -0.0090702921750107426 -0.02102408870311135
leaf_weight=8994.1531515717506 2540.4477877765894 3963.2079037427902 2850.455177873373 1907.4135959893465 4961.0706726610661 3928.379720762372 5371.4552270621061 4216.6044576019049 1894.914250254631 2409.1645157337189 1033.3488727062941 1007.3873157203197 7905.0757361650467 415.75700184702873
leaf_count=36212 10186 15862 11439 7640 19858 15725 21509 16887 7588 9644 4140 4040 31692 1669
internal_value=4.62744e-07 -0.00281205 0.00555195 -0.00553062 0.000375019 -0.00240237 0.00293825 0.00269628 0.000741709 -0.00273598 0.000902557 -0.00772781 -0.00846026 -0.00966757
internal_weight=53398.8 35442.7 17956.1 19127.2 16315.5 7891.59 8945.25 8961.97 6111.52 7370.24 6404.8 11235.6 10228.2 8320.83
internal_count=214091 141965 72126 76628 65337 31587 35835 35914 24475 29502 25649 45041 41001 33361
is_linear=0
shrinkage=0.05


Tree=14
num_leaves=15
num_cat=0
split_feature=0 9 12 11 14 14 13 12 14 4 12 14 13 0
split_gain=301.504 79.0854 68.692 59.7513 49.9385 46.2979 41.6316 39.0091 37.4259 26.1817 22.6487 21.222 20.899 20.8714
threshold=-0.00074823212623514868 0.72133117308123551 1.0000000180025095e-35 -0.0016165693706310859 16.500000000000004 2.5000000000000004 3.5000000000000004 -3.8460883715230036e-05 21.500000000000004 0.0066295444556401248 -0.0027946649663000973 10.500000000000002 2.5000000000000004 -0.0036013808698611145
decision_type=2 2 2 2 2 2 2 2 2 2 2 2 2 2
left_child=2 4 3 -1 7 -5 -3 -2 -6 11 -8 -9 -7 -14
right_child=1 6 -4 5 8 12 10 9 -10 -11 -12 -13 13 -15
leaf_value=0.0095643099685945102 0.0024033051980464977 -0.0032365429215123658 -0.0017365501021932564 -0.0038426853148599395 0.0053733254476658037 0.0014688789247694115 0.0024650629925546609 -0.001593556055425837 -0.0038449978399928801 -0.011080523182410314 -0.01004391335370448 -0.0066995062516045272 0.008076077894004198 0.0029802242216303175
leaf_weight=6013.2433273941278 2631.1161311119795 5093.3919121772051 4055.4147671610117 1818.7958190739155 3837.9876306056976 3489.8476322293282 384.98571525514126 5578.3852083086967 1544.0000103861094 1291.6102517694235 6023.7612650543451 3203.8322274386883 5106.0402058213949 3313.1766767948866
leaf_count=24213 10532 20412 16250 7295 15373 14008 1541 22335 6186 5171 24149 12827 20515 13284
internal_value=4.50571e-07 -0.00336928 0.00419044 0.00540803 -0.0013079 0.00358744 -0.00661078 -0.00301787 0.00272875 -0.00443379 -0.00929248 -0.00345625 0.0047222 0.00607073
internal_weight=53385.6 29589.1 23796.5 19741.1 18086.9 13727.9 11502.1 12704.9 5381.99 10073.8 6408.75 8782.22 11909.1 8419.22
internal_count=214091 118526 95565 79315 72424 55102 46102 50865 21559 40333 25690 35162 47807 33799
is_linear=0
shrinkage=0.05


Tree=15
num_leaves=15
num_cat=1
split_feature=0 1 1 10 0 2 12 2 0 1 12 15 2 11
split_gain=273.434 109.929 52.078 44.7577 44.7242 40.9352 34.0363 31.7806 27.098 25.7574 25.4767 32.617 25.4083 27.7588
threshold=-0.0025134136442213069 -0.00061826149468968683 0.00049346931626403922 53.887273933200007 0.003699763210055496 0.00038503565096204012 -0.0027313535030433207 -0.002065161005346094 0.0017964502154070863 -0.0039508958830135046 -0.0046942448263663774 0 0.0085738247032011179 -0.0055393382352980905
decision_type=2 2 2 2 2 2 2 2 2 2 2 1 2 2
left_child=2 4 12 7 5 -2 -5 -3 -9 -6 -4 -12 13 -1
right_child=1 3 10 6 9 -7 -8 8 -10 -11 11 -13 -14 -15
leaf_value=0.017808222303652709 0.0063304502898446496 0.00055516316895574513 0.0062375160111760863 0.0027884085171506392 -0.00035559245337310014 -0.00043800520279682576 -0.0082967645713681471 -0.002379283066213528 -0.0099453436462951204 -0.0066576846623605194 0.0074854024844785766 -0.0013970864632589118 0.0017778711067542423 0.0078676602018489684
leaf_weight=784.52824214100838 4338.4965861141682 4258.3458369523287 2848.1621990054846 749.24903824925423 4960.9836131483316 4604.9287932813168 9136.8509725928307 3035.0104912370443 1939.7768093943596 2408.4575694948435 1306.1440942883492 4804.1575990915298 1499.0158840566874 6699.9840164631605
leaf_count=3179 17389 17052 11439 3000 19858 18446 36647 12148 7781 9644 5232 19243 6035 26998
internal_value=4.44892e-07 -0.0025462 0.00502959 -0.00511872 0.000468882 0.0028454 -0.00745664 -0.00261545 -0.00532945 -0.00241522 0.00233204 0.000511607 0.00771961 0.00890963
internal_weight=53374.1 35432.1 17942 19119.2 16312.9 8943.43 9886.1 9233.13 4974.79 7369.44 8958.46 6110.3 8983.53 7484.51
internal_count=214091 141965 72126 76628 65337 35835 39647 36981 19929 29502 35914 24475 36212 30177
cat_boundaries=0 1
cat_threshold=2
is_linear=0
shrinkage=0.05


Tree=16
num_leaves=15
num_cat=0
split_feature=0 1 12 1 1 2 8 10 13 11 12 0 0 9
split_gain=249.169 89.7586 74.9696 57.2208 37.2226 36.2713 31.0306 30.7327 38.8151 27.1183 23.3001 23.0066 22.8482 21.9647
threshold=-8.8646588606244845e-05 -0.0038586416624890592 1.0000000180025095e-35 0.0013422826605141715 -0.005178770220529926 -0.0024064304837904111 0.01217876820865116 29.864911556650004 1.5000000000000002 -0.0014772026487488536 -0.0057474258279956439 0.0050541214661734566 0.0031201227894854804 0.706159150083283
decision_type=2 2 2 2 2 2 2 2 2 2 2 2 2 2
left_child=2 13 3 6 -4 11 7 -1 -9 -5 -11 -3 -7 -2
right_child=1 5 4 9 -6 12 -8 8 -10 10 -12 -13 -14 -15
leaf_value=0.012252583722917813 0.0027211501422087473 0.00043815585047050866 0.0065514011745363343 0.006408333387366333 -0.0042557280462025915 -0.0044294710829708931 0.010567498312982893 -0.0055280527204211952 0.0054091258953824278 0.0059124219921155852 -0.0012859432346834111 -0.0054054824333030988 -0.0087016914217948362 -0.0033208857626879484
leaf_weight=1294.4717316329479 5839.0791506618261 3701.0014131516218 999.65951207280159 2386.6894384175539 3925.4461379945278 5753.7676518559456 4139.7087275236845 949.17297486960888 5580.7269448041916 1420.3000358492136 5391.6197778582573 3091.068735525012 6861.8666556477547 2026.1160622686148
leaf_count=5236 23381 14823 4014 9575 15720 23048 16670 3818 22468 5704 21595 12389 27543 8107
internal_value=4.96936e-07 -0.00334114 0.00349394 0.00478699 -0.00206218 -0.00516718 0.00706672 0.00521453 0.00381932 0.00182188 0.000214932 -0.00222128 -0.00675321 0.00116469
internal_weight=53360.7 27272.9 26087.8 21162.7 4925.11 19407.7 11964.1 7824.37 6529.9 9198.61 6811.92 6792.07 12615.6 7865.2
internal_count=214091 109291 104800 85066 19734 77803 48192 31522 26286 36874 27299 27212 50591 31488
is_linear=0
shrinkage=0.05


Tree=17
num_leaves=15
num_cat=0
split_feature=0 9 12 14 9 13 14 14 8 10 8 13 7 5
split_gain=227.258 112.903 55.0972 42.5661 40.0704 37.7999 35.4984 50.2789 28.732 26.1764 28.4763 22.8628 28.0417 21.9755
threshold=-0.0040483042648519199 0.2933234763626435 -0.002302432036021151 18.500000000000004 0.76766077686837553 5.5000000000000009 16.500000000000004 22.500000000000004 -0.022087140511878541 25.059034072300005 -0.087329823089685218 1.5000000000000002 -0.023542289201388397 0.010601748561133193
decision_type=2 2 2 2 2 2 2 2 2 2 2 2 2 2
left_child=3 8 -3 9 6 -6 -4 -8 11 -1 -11 12 13 -2
right_child=1 2 4 -5 5 -7 7 -9 -10 10 -12 -13 -14 -15
leaf_value=0.015092370594404624 0.0087645602409473986 0.0029041224888861307 -0.0040664327353549237 0.010972684495853695 -0.0047146065527632671 -0.011439265316399543 0.0033462744071156912 -0.010553245488083014 0.0056110230545123457 -0.0024745560835384116 0.0046708978590566594 0.0016681879582581727 -0.019075114871683417 -0.014075991187119561
leaf_weight=515.96108183264732 282.50184102356434 3094.875534132123 11866.727502673864 2818.5747137218714 7657.1895767748356 2874.1013762354851 3949.7259628176689 778.9273864030838 4760.6007148474455 1651.0041634142399 8968.4443563520908 3638.9164244830608 321.84562873840332 167.89617851376534
leaf_count=2090 1133 12407 47538 11351 30712 11539 15822 3123 19090 6648 36082 14593 1290 673
internal_value=4.9384e-07 -0.00194178 -0.0034164 0.00548371 -0.00413751 -0.00654984 -0.00260666 0.00105668 0.00291718 0.00409435 0.00356 9.94149e-06 -0.00780394 0.000250222
internal_weight=53347.3 39393.3 30221.5 13954 27126.7 10531.3 16595.4 4728.65 9171.76 11135.4 10619.4 4411.16 772.244 450.398
internal_count=214091 157920 121141 56171 108734 42251 66483 18945 36779 44820 42730 17689 3096 1806
is_linear=0
shrinkage=0.05


Tree=18
num_leaves=15
num_cat=0
split_feature=0 1 12 1 1 2 9 8 10 13 9 10 13 9
split_gain=207.391 79.0861 65.1685 51.0471 33.3405 31.5474 28.8845 28.0615 27.6539 23.0365 28.6211 21.9972 21.2915 21.0056
threshold=-8.8646588606244845e-05 -0.0024283600805772294 1.0000000180025095e-35 0.0013422826605141715 -0.0071303606899396623 -0.00062053579151305483 0.706159150083283 0.01217876820865116 41.807651315800008 1.5000000000000002 0.67139185529621914 54.490105968900004 5.5000000000000009 0.21875263650893234
decision_type=2 2 2 2 2 2 2 2 2 2 2 2 2 2
left_child=2 6 3 7 -4 11 -2 8 -1 10 -10 -3 -8 -5
right_child=1 5 4 13 -6 -7 12 -9 9 -11 -12 -13 -14 -15
leaf_value=0.0075012679448050569 0.0022022570314893532 -0.00063489221138877819 0.0077754833438702375 0.0059861114966246074 -0.0037246596096428943 -0.0071294101240427484 -0.0012168391847010348 0.0098808337231528747 -0.014888905850820167 0.0031148892748982097 0.015515385173951396 -0.0058076845169628757 -0.011254427047756761 0.00029398587151026475
leaf_weight=4265.8599880188704 7132.2285399436951 4761.1052312701941 742.06330336630344 2100.6680679917336 4182.2528998404741 9016.9942512363195 2021.4387188404799 4134.8405545651913 379.87348416447639 3074.9828100651503 97.210115626454353 3616.2223551571369 715.2372168302536 7095.0173408538103
leaf_count=17234 28560 19071 2982 8435 16752 36192 8089 16670 1526 12372 390 14513 2866 28439
internal_value=4.84595e-07 -0.00304853 0.00318872 0.00439494 -0.00199166 -0.00507697 0.000526669 0.00654958 0.00478771 0.00152885 -0.00869376 -0.00286782 -0.00384019 0.0015943
internal_weight=53336 27263.2 26072.8 21148.5 4924.32 17394.3 9868.9 11952.8 7817.93 3552.07 477.084 8377.33 2736.68 9195.69
internal_count=214091 109291 104800 85066 19734 69776 39515 48192 31522 14288 1916 33584 10955 36874
is_linear=0
shrinkage=0.05


Tree=19
num_leaves=15
num_cat=0
split_feature=0 10 12 14 14 14 8 14 12 0 14 10 8 13
split_gain=189.757 86.9298 44.4005 38.5182 31.6118 39.7315 39.6116 30.9848 28.1431 24.7221 24.4739 23.04 25.6687 22.6208
threshold=-0.0040483042648519199 48.183628028600005 1.0000000180025095e-35 18.500000000000004 17.500000000000004 21.500000000000004 0.010932767513617049 7.5000000000000009 -0.00050402486109574196 0.0026681753453294825 6.5000000000000009 25.059034072300005 -0.087329823089685218 3.5000000000000004
decision_type=2 2 2 2 2 2 2 2 2 2 2 2 2 2
left_child=3 4 7 11 6 -6 8 -3 -2 -9 -10 -1 -13 -4
right_child=1 2 13 -5 5 -7 -8 9 10 -11 -12 12 -14 -15
leaf_value=0.014023183445052016 0.0030140774033732384 -0.0049840117688754945 -0.00319785105931815 0.010238449731214991 0.0087236633734078684 -0.002311165935676538 0.0057609662599360182 0.0026306054506339133 0.00056058923238007537 -0.0034365241731189352 -0.0058664780759072575 -0.0025391484474709246 0.0042457990389839365 -0.0073304437795629653
leaf_weight=514.65202382206917 2357.4912418723106 3742.1354494094849 5886.244938954711 2814.9295797646046 2571.8410577625036 1194.6317978650331 2286.4476886242628 4979.2670862525702 2406.2769613713026 2533.2611168175936 3852.9501091688871 1650.7129332125187 8962.183731675148 7569.7102224975824
leaf_count=2090 9463 15005 23608 11351 10318 4792 9167 19956 9640 10160 15437 6648 36082 30374
internal_value=4.78891e-07 -0.0017743 -0.00358432 0.0050133 0.00127463 0.00522369 -8.95616e-05 -0.00126685 -0.001642 0.00058474 -0.00339568 0.00369149 0.00319048 -0.00552266
internal_weight=53322.7 39380.3 24710.6 13942.5 14669.6 3766.47 10903.2 11254.7 8616.72 7512.53 6259.23 11127.5 10612.9 13456
internal_count=214091 157920 99103 56171 58817 15110 43707 45121 34540 30116 25077 44820 42730 53982
is_linear=0
shrinkage=0.05


Tree=20
num_leaves=15
num_cat=1
split_feature=0 1 0 2 0 1 9 11 15 9 2 14 9 14
split_gain=171.319 89.9067 40.6967 44.2447 40.6558 37.3122 33.1999 28.3587 29.6652 25.4133 25.2288 24.0291 23.9708 22.9563
threshold=-0.0040483042648519199 -0.00061826149468968683 0.003699763210055496 0.00038503565096204012 0.0013749033117083089 0.014254313594199377 0.44914410893686246 -0.0059986062586442198 0 0.17248881320087664 -0.0044977056822096953 7.5000000000000009 -0.029084294634839889 18.500000000000004
decision_type=2 2 2 2 2 2 2 2 1 2 2 2 2 2
left_child=5 2 3 -2 6 7 -3 12 -9 -5 -6 -8 -1 -10
right_child=1 4 -4 9 10 -7 11 8 13 -11 -12 -13 -14 -15
leaf_value=0.022175930985392708 0.0062977077948354419 0.0019370718658595215 -0.0019197906874500979 0.0082402861092789048 -0.0021840200078189465 -0.0029293041378555033 -0.0083382167167122909 -0.0011983809978947059 0.0047525443803550478 -0.0015646381188280838 -0.0074430430114870577 -0.0017175760586228537 0.0070412029538807781 0.01080210964092557
leaf_weight=451.41208048164845 5056.1368041932583 4038.8028902560472 7366.0738706588745 768.76042978465557 3185.7285369932652 1415.6859036684036 2036.9767597615719 1699.3956184238195 7784.1793081760406 4708.6389333456755 8025.4592584967613 4188.6374274045229 622.25927411019802 1963.7865923941135
leaf_count=1838 20298 16177 29502 3090 12771 5679 8162 6838 31368 18875 32270 16775 2521 7927
internal_value=4.73704e-07 -0.0016858 0.000931207 0.0029249 -0.00386705 0.00476469 -0.00159343 0.00563461 0.00490586 -0.000188504 -0.00594866 -0.0038838 0.0134044 0.00596515
internal_weight=53311.9 39375.2 17899.6 10533.5 21475.6 13936.7 10264.4 12521 11447.4 5477.4 11211.2 6225.61 1073.67 9747.97
internal_count=214091 157920 71765 42263 86155 56171 41114 50492 46133 21965 45041 24937 4359 39295
cat_boundaries=0 1
cat_threshold=16
is_linear=0
shrinkage=0.05


Tree=21
num_leaves=15
num_cat=1
split_feature=0 1 1 14 15 2 2 0 9 3 14 14 0 14
split_gain=155.418 66.701 55.6166 36.3716 32.6944 29.3834 28.8388 25.8682 28.8822 25.6559 27.1018 41.6218 24.3728 24.3233
threshold=-8.8646588606244845e-05 -0.0038586416624890592 0.0024803917246194467 2.5000000000000004 0 -0.0018048773816547457 -0.0074071317008749795 -0.0078222531387333021 0.65580742086026655 0.0066496095271278985 13.500000000000002 22.500000000000004 -0.0042417383675916178 10.500000000000002
decision_type=2 2 2 2 1 2 2 2 2 2 2 2 2 2
left_child=2 -2 4 -4 -1 -6 -3 8 -7 10 13 -12 -5 -8
right_child=1 6 3 12 5 7 9 -9 -10 -11 11 -13 -14 -15
leaf_value=-0.0014979281710447441 0.0012447691565270827 0.0003380817098879652 -0.0081780443990164733 0.0033886253817810769 0.0086285489564907787 0.0063428027408856322 -0.004621685289567661 0.0023480330402098452 0.023563298893226104 -0.0099581248908831941 -0.00015764971958321614 -0.013182324585721123 -0.0020586563067397905 -0.011105278847727683
leaf_weight=1987.3402994424105 7862.9650103598833 2948.7742043286562 1262.9494336247444 4550.2156606018543 4637.3772708773613 2136.0848100483418 6322.8447081893682 7459.1174529194832 274.81416735053062 2276.8496461063623 5267.082918792963 694.22111502289772 3742.3350126743317 1875.6544875651598
leaf_count=8005 31488 11813 5059 18275 18732 8648 25389 29987 1110 9146 21132 2792 14984 7531
internal_value=4.60293e-07 -0.00263951 0.00276185 -0.000273524 0.00452026 0.00534203 -0.00421502 0.00380329 0.00830574 -0.00503185 -0.00423972 -0.00167443 0.000930328 -0.006105
internal_weight=53298.6 27248.4 26050.2 9555.5 16494.7 14507.4 19385.4 9870.02 2410.9 16436.7 14159.8 5961.3 8292.55 8198.5
internal_count=214091 109291 104800 38318 66482 58477 77803 39745 9758 65990 56844 23924 33259 32920
cat_boundaries=0 1
cat_threshold=16
is_linear=0
shrinkage=0.05


Tree=22
num_leaves=15
num_cat=1
split_feature=0 1 10 14 12 8 1 12 2 14 11 15 8 7
split_gain=141.738 76.1642 49.7306 38.9445 37.1088 36.5771 32.6447 31.6464 29.0087 28.5647 25.846 25.448 23.3354 21.0163
threshold=-0.0040483042648519199 0.0022125105489199108 48.183628028600005 17.500000000000004 -0.0026058997068949537 0.010932767513617049 0.014254313594199377 0.00023138161351154987 -0.0039234016990042355 21.500000000000004 -0.0053435096575629396 0 -0.087329823089685218 0.024845709366135841
decision_type=2 2 2 2 2 2 2 2 2 2 2 1 2 2
left_child=6 2 3 5 -3 -2 10 13 -6 -5 -1 -12 -13 -4
right_child=1 4 7 9 8 -7 -8 -9 -10 -11 11 12 -14 -15
leaf_value=0.011787592476933166 -0.00083704794349486215 0.0029171887725202225 -0.0011310645196984052 0.011149722225337616 -0.0019021244104562426 0.0073154978450759318 -0.002860407485346808 -0.0040162083348320903 -0.0071841668648366238 0.00016984072447675459 -0.0013648729463075087 -0.00076641580738494362 0.0063626663506961643 0.0049229554432207211
leaf_weight=1312.8662415593863 6540.8966927975416 1468.2573340684175 4996.4477389603853 1903.2897031009197 3811.3037490993738 1742.3043274879456 1415.6390721648932 7854.6810168325901 8174.3049131184816 859.99084480106831 1651.0455085784197 1334.410597011447 8210.5939883887768 2010.3129750192165
leaf_count=5339 26232 5883 20038 7647 15277 6991 5679 31500 32837 3452 6642 5387 33124 8063
internal_value=4.32403e-07 -0.00153333 5.16187e-05 0.0025925 -0.00458544 0.000877774 0.00433606 -0.00183701 -0.00550453 0.00773255 0.00515048 0.00437221 0.00536039 0.000605897
internal_weight=53286.3 39361.8 25907.9 11046.5 13453.9 8283.2 13924.6 14861.4 11985.6 2763.28 12508.9 11196.1 9545 7006.76
internal_count=214091 157920 103923 44322 53997 33223 56171 59601 48114 11099 50492 45153 38511 28101
cat_boundaries=0 1
cat_threshold=16
is_linear=0
shrinkage=0.05


Tree=23
num_leaves=15
num_cat=1
split_feature=0 1 1 14 2 6 2 15 3 14 14 11 11 3
split_gain=130.325 57.0306 49.4115 37.9356 34.3092 27.1181 25.0069 24.3883 23.0186 24.1002 37.3094 34.5203 20.9382 19.9369
threshold=-8.8646588606244845e-05 -0.0038586416624890592 -0.002951166826870077 2.5000000000000004 0.0087871720536379944 -0.013707971473473133 -0.0074071317008749795 0 0.0066496095271278985 13.500000000000002 22.500000000000004 0.002880689773770997 0.0067620859131566034 0.0015784843052844002
decision_type=2 2 2 2 2 2 2 1 2 2 2 2 2 2
left_child=2 -2 4 5 -1 13 -3 -5 9 11 -11 -8 -6 -4
right_child=1 6 3 7 12 -7 8 -9 -10 10 -12 -13 -14 -15
leaf_value=0.0075637346562647872 0.0011743431608698838 0.00036510756490975058 0.013271275491688415 0.006125193180861588 -0.0033125722952011731 -0.0075803276485046436 -0.0043877618374291013 0.0010955882792792117 -0.0093040356941419874 -3.0336362665139905e-05 -0.012368304943088914 -0.014023019922308947 0.018694440459999656 -0.0084352946215728985
leaf_weight=6095.950109988451 7862.1348759680986 2948.6047251224518 310.18381881713867 2934.1878676712513 1200.0513561367989 1839.9148492068052 7124.7877469807863 13375.976757287979 2274.8761307895184 5265.9140834659338 693.41821560263634 1069.0664358586073 118.78096444904804 160.52867503464222
leaf_count=24669 31488 11813 1246 11783 4843 7380 28616 53755 9146 21132 2792 4304 479 645
internal_value=4.1766e-07 -0.00241735 0.00252992 0.0011554 0.00598176 -0.00484056 -0.00387469 0.00200484 -0.00463567 -0.00388531 -0.00146596 -0.00564489 -0.00133051 0.00586861
internal_weight=53274.4 27238.8 26035.6 18620.8 7414.78 2310.63 19376.7 16310.2 16428.1 14153.2 5959.33 8193.85 1318.83 470.712
internal_count=214091 109291 104800 74809 29991 9271 77803 65538 65990 56844 23924 32920 5322 1891
cat_boundaries=0 1
cat_threshold=2
is_linear=0
shrinkage=0.05


Tree=24
num_leaves=15
num_cat=1
split_feature=12 1 0 15 2 0 1 14 12 2 6 8 2 14
split_gain=126.272 57.835 43.403 39.9729 36.0241 35.4572 34.5377 28.3503 28.1556 23.5067 22.1773 21.6942 21.4232 20.4061
threshold=-0.0012094452543247034 -0.0024283600805772294 0.0013749033117083089 0 0.0047099387596778461 0.0049432592104045056 -0.00027716737412897258 2.5000000000000004 0.011578430794286223 0.00033074475014749366 -0.011407742831336385 0.080147419146601187 -0.010127498392848098 1.0000000180025095e-35
decision_type=2 2 2 1 2 2 2 2 2 2 2 2 2 2
left_child=6 4 3 -3 5 -2 -1 10 12 -5 -8 -10 -4 -14
right_child=1 2 8 9 -6 -7 7 -9 11 -11 -12 -13 13 -15
leaf_value=0.0061083197111361804 0.0051372634003051879 0.0031275936315764926 0.0002322588873407245 -0.00038282174171780229 -0.0032477579789465176 -0.0014172787797689067 0.0065745450165877479 0.0026353882432538804 0.0060625852688567291 -0.0058075231101670484 -0.009347518865809961 -0.010474084319678841 -0.017617070132934402 -0.0062224030300156649
leaf_weight=7583.8104664385319 5789.0679521709681 4043.4243951141834 1258.1090713739395 4188.2670122981071 3388.6482778787613 3205.9057959318161 286.34619356691837 7771.6059425622225 882.15893206000328 3816.9786069989204 925.76064988970757 255.85072307288647 409.94571295380592 9457.105108037591
leaf_count=30684 23265 16229 5040 16784 13589 12838 1148 31229 3549 15296 3710 1030 1651 38049
internal_value=4.67189e-07 -0.00163534 -0.00305203 -0.00092069 0.00114593 0.00280115 0.00362363 0.00152612 -0.00514609 -0.00296567 -0.00558612 0.00234476 -0.00591234 -0.00669582
internal_weight=53263 36695.5 24311.8 12048.7 12383.6 8994.97 16567.5 8983.71 12263.2 8005.25 1212.11 1138.01 11125.2 9867.05
internal_count=214091 147320 97628 48309 49692 36103 66771 36087 49319 32080 4858 4579 44740 39700
cat_boundaries=0 1
cat_threshold=2
is_linear=0
shrinkage=0.05


Tree=25
num_leaves=15
num_cat=0
split_feature=12 9 1 0 14 4 11 14 0 11 9 12 0 3
split_gain=115.36 75.5762 38.4249 25.4523 28.4941 33.5328 24.9375 23.4719 22.0668 21.6624 26.6746 21.5099 29.298 23.0679
threshold=-0.0022286733329855975 0.22699495526036137 0.00088378566404334624 -0.0012764056469117822 13.500000000000002 0.0035901934531726858 -0.0027402012240810383 2.5000000000000004 0.0056414892779741441 0.003547883125154382 1.1657237050976248 0.011578430794286223 0.0034456977327733678 -0.003368961564549799
decision_type=2 2 2 2 2 2 2 2 2 2 2 2 2 2
left_child=6 8 3 -3 5 -5 -1 -8 -2 10 11 12 13 -4
right_child=1 2 9 4 -6 -7 7 -9 -10 -11 -12 -13 -14 -15
leaf_value=0.0082151293351389338 0.0042528808552991246 0.0031290893640522205 0.0019543544753543264 -0.0015123742045352415 0.0010619544511487776 -0.0086209016258813193 -0.0031599237233387967 0.0039278160237833475 -0.0034235316873695481 -0.0082411178430038447 0.0087009347615522297 0.0057809421181810134 -0.0078924146235119577 -0.0040633257206967362
leaf_weight=2915.1861106455326 6589.1493861973286 3454.3753013014793 2132.9029965102673 5691.5820273756981 5599.8264461755753 2341.5420749038458 1355.5269958376884 8447.0774003118277 1091.2320548892021 2660.0349408686161 447.78680524230003 569.34617094695568 3669.3105236291885 6286.0078676939011
leaf_count=11834 26520 13905 8550 22814 22447 9385 5446 34045 4371 10698 1807 2289 14777 25203
internal_value=4.71904e-07 -0.0013031 -0.00234701 -0.00070451 -0.00167588 -0.00358441 0.00415511 0.00294771 0.00316221 -0.00412724 -0.00329223 -0.00371651 -0.00416384 -0.00253877
internal_weight=53250.9 40533.1 32852.7 17087.3 13633 8033.12 12717.8 9802.6 7680.38 15765.4 13105.4 12657.6 12088.2 8418.91
internal_count=214091 162766 131875 68551 54646 32199 51325 39491 30891 63324 52626 50819 48530 33753
is_linear=0
shrinkage=0.05


Tree=26
num_leaves=15
num_cat=2
split_feature=12 9 1 8 14 14 14 0 14 4 11 15 15 14
split_gain=104.151 68.2212 34.6917 25.8172 23.1601 28.5559 24.1565 22.9742 25.7188 30.2748 22.5498 22.2176 21.746 21.1895
threshold=-0.0022286733329855975 0.22699495526036137 0.00088378566404334624 -0.044600230168946924 19.500000000000004 21.500000000000004 11.500000000000002 -0.0012764056469117822 13.500000000000002 0.0035901934531726858 -0.0027402012240810383 0 1 2.5000000000000004
decision_type=2 2 2 2 2 2 2 2 2 2 2 1 1 2
left_child=10 3 7 -2 6 -6 -5 12 9 -9 -1 -4 -3 -12
right_child=1 2 11 4 5 -7 -8 8 -10 -11 13 -13 -14 -15
leaf_value=0.0078118662905956905 -0.001016923742386078 0.0093900972202474679 -0.0015681355488309122 0.0070309041193197756 0.02190892548827356 0.0030037687633973111 -0.00054523366685023562 -0.0014368075596372129 0.0010088502240892569 -0.0081917618193106858 -0.0030016343725012638 -0.0054236113185185432 0.00051576616025563588 0.0037325447397323452
leaf_weight=2912.4610186368227 2625.8406137079 945.23797824978828 6157.7141401618719 2341.0179884433746 418.95906876027584 381.74975878000259 1911.0619451552629 5691.3812082260847 5599.8619316220284 2341.0110809057951 1355.6559302508831 9604.1121840327978 2508.3511241823435 8444.6086732298136
leaf_count=11834 10564 3812 24731 9412 1688 1537 7690 22814 22447 9385 5446 38593 10093 34045
internal_value=4.49612e-07 -0.00123817 -0.00223003 0.00300481 0.00509484 0.0128956 0.00362587 -0.000669346 -0.00159218 -0.00340551 0.00394899 -0.00392182 0.00297333 0.00280102
internal_weight=53239 40526.3 32847.7 7678.63 5052.79 800.709 4252.08 17085.8 13632.3 8032.39 12712.7 15761.8 3453.59 9800.26
internal_count=214091 162766 131875 30891 20327 3225 17102 68551 54646 32199 51325 63324 13905 39491
cat_boundaries=0 1 2
cat_threshold=3 2
is_linear=0
shrinkage=0.05


Tree=27
num_leaves=15
num_cat=0
split_feature=0 1 9 14 1 12 2 2 14 14 14 5 2 14
split_gain=96.3027 55.0042 37.4443 30.7941 27.8629 26.3374 23.7256 19.5867 25.237 18.5394 23.645 21.0487 18.2356 18.2324
threshold=-0.0040483042648519199 0.0022125105489199108 0.23075767130046063 18.500000000000004 0.013265653395170609 -0.0026058997068949537 -0.0039234016990042355 -0.0019319333668708081 15.500000000000002 17.500000000000004 9.5000000000000018 0.0057876765695036546 -0.02492063882319295 12.500000000000002
decision_type=2 2 2 2 2 2 2 2 2 2 2 2 2 2
left_child=3 2 9 4 13 -3 -7 8 -4 10 -2 -11 -5 -1
right_child=1 5 7 12 -6 6 -8 -9 -10 11 -12 -13 -14 -15
leaf_value=0.0048278660489710218 0.0057058353797531831 0.0024623208033600769 -0.00070590433421214584 0.030759497997288721 -0.0046085212792796697 -0.0013758403463012033 -0.0061549847956828005 -0.0018858718243737642 0.0064240219673053559 0.015740613624433981 -0.0018460576716909415 0.0034740107032805341 0.0075377052339079837 0.00027559947789121105
leaf_weight=6517.0940416753292 2119.642878189683 1467.6742147356272 3892.6409434378147 87.257812559604645 1258.9694888442755 3808.7907763123512 8161.7963990569115 14590.356264844537 1822.023075774312 600.94497691094875 2028.3579970300198 836.53464557230473 2715.6895088106394 3320.0363034009933
leaf_count=26335 8515 5883 15613 354 5051 15277 32837 58543 7311 2421 8151 3369 10997 13434
internal_value=4.73249e-07 -0.00126385 8.32963e-05 0.003578 0.00239514 -0.00385929 -0.00463436 -0.000913994 0.00156735 0.00370877 0.00201299 0.00860212 0.00826062 0.00329147
internal_weight=53227.8 39328.8 25890.5 13899 11096.1 13438.3 11970.6 20305 5714.66 5585.48 4148 1437.48 2802.95 9837.13
internal_count=214091 157920 103923 56171 44820 53997 48114 81467 22924 22456 16666 5790 11351 39769
is_linear=0
shrinkage=0.05


Tree=28
num_leaves=15
num_cat=1
split_feature=0 1 14 0 2 14 14 1 11 2 7 15 2 3
split_gain=86.9429 50.847 27.8361 27.4278 34.7891 26.4396 27.9232 25.1506 20.9295 18.6954 18.1819 18.1808 21.8753 17.2946
threshold=-0.0040483042648519199 -0.00061826149468968683 18.500000000000004 0.003699763210055496 0.00038503565096204012 22.500000000000004 1.5000000000000002 0.013265653395170609 0.0037254540354425968 -0.027105143682909335 0.0044514554352839139 0 -0.02492063882319295 0.015928330670662464
decision_type=2 2 2 2 2 2 2 2 2 2 2 1 2 2
left_child=2 3 7 4 -2 6 10 -1 -8 -10 -3 -4 -13 -9
right_child=1 5 11 -5 -6 -7 8 13 9 -11 -12 12 -14 -15
leaf_value=0.0031278557780836966 0.0053995966065277521 -0.0031016654638390821 -0.0012770313173924071 -0.0015729577594210218 -0.00035541961494910064 -0.010552644911807111 -0.0012751224225934 -0.0019706269977211618 0.023698402421537514 -0.0071065186306698627 -0.01360000668314932 0.037923375479485877 0.0088360898157007987 -0.01864446044635882
leaf_weight=9834.233244612813 5047.9801536500454 777.97965487837791 461.84859865903854 7362.5104963481426 5473.0772505104542 1057.1931478530169 16477.395936876535 1077.4127691984177 50.3814417719841 2199.1877430975437 877.70003338158131 66.530629590153694 2272.1030554324389 181.75300720334053
leaf_count=39769 20298 3125 1866 29502 21965 4259 66176 4322 202 8855 3538 271 9214 729
internal_value=4.67061e-07 -0.00120082 0.00340043 0.000767794 0.00240582 -0.0028429 -0.00244301 0.00227597 -0.00189274 -0.00641661 -0.00866699 0.00785472 0.00962243 -0.00437739
internal_weight=53217.3 39323.4 13893.9 17883.6 10521.1 21439.8 20382.6 11093.4 18727 2249.57 1655.68 2800.48 2338.63 1259.17
internal_count=214091 157920 56171 71765 42263 86155 81896 44820 75233 9057 6663 11351 9485 5051
cat_boundaries=0 1
cat_threshold=16
is_linear=0
shrinkage=0.05


Tree=29
num_leaves=15
num_cat=1
split_feature=12 9 14 13 4 13 14 14 8 2 2 1 14 15
split_gain=85.4969 43.7669 38.0687 35.7568 28.6849 38.5964 27.5832 26.1293 23.6832 22.1864 21.6069 20.1965 18.8889 29.0704
threshold=-0.0011674646071456738 0.74060950005010173 16.500000000000004 5.5000000000000009 0.0058163547096936616 5.5000000000000009 21.500000000000004 2.5000000000000004 0.010282306847554159 -0.0027000727619084226 0.0083629780520650971 -0.0033358751832495699 19.500000000000004 0
decision_type=2 2 2 2 2 2 2 2 2 2 2 2 2 1
left_child=7 2 4 -3 5 8 10 -1 -2 -8 12 -9 -4 -14
right_child=1 3 6 -5 -6 -7 9 11 -10 -11 -12 -13 13 -15
leaf_value=-0.0021068475098313688 -0.0038948417079974966 -0.0022091192700522296 0.0031964633554223201 -0.00847971917062206 -0.0062163313152303785 0.0035364439808678312 0.0052167768119985745 0.0066345445081787474 0.0009599725406231616 -0.0055617336415820437 -0.005298274037290932 0.0025335103458363939 -0.0072488036989594067 0.011806488700439701
leaf_weight=2206.9097440987825 6967.3542071431875 8403.8509901612997 2738.1774619519711 3116.5062481760979 2662.9177318513393 4120.619787722826 720.99852183461189 4242.9430674463511 3928.5215433090925 1413.2507806420326 477.0848233550787 10265.734143763781 222.85794092714787 1719.1933491826057
leaf_count=8886 27967 33801 10998 12558 10690 16539 2897 17228 15771 5680 1916 41355 895 6910
internal_value=4.41375e-07 -0.00135608 -0.00017993 -0.00390545 -0.00143368 -0.000585565 0.00285997 0.00296183 -0.00214443 -0.0019205 0.00483828 0.00373282 0.00587156 0.00964329
internal_weight=53206.9 36491.3 24971 11520.4 17679.4 15016.5 7291.56 16715.6 10895.9 2134.25 5157.31 14508.7 4680.23 1942.05
internal_count=214091 146622 100263 46359 70967 60277 29296 67469 43738 8577 20719 58583 18803 7805
cat_boundaries=0 1
cat_threshold=16
is_linear=0
shrinkage=0.05


Tree=30
num_leaves=15
num_cat=0
split_feature=0 1 1 14 4 13 9 8 8 3 14 10 14 10
split_gain=76.3395 46.5222 33.3547 25.1488 26.1748 30.3367 25.363 23.9815 18.5536 18.1801 17.9769 19.2023 22.4412 17.9666
threshold=0.0023290117367292811 -0.0028778493288778013 -0.0045303429366326245 17.500000000000004 0.0031064004348146938 4.5000000000000009 0.72921935834706153 0.027751338957508923 -0.037928321339183772 0.035001563803169218 11.500000000000002 56.562308546100006 4.5000000000000009 67.737861919850005
decision_type=2 2 2 2 2 2 2 2 2 2 2 2 2 2
left_child=1 13 -2 4 5 7 8 10 -7 -6 11 -3 -13 -1
right_child=2 3 -4 -5 9 6 -8 -9 -10 -11 -12 12 -14 -15
leaf_value=0.0040047494645004617 0.00070378187477732545 0.00018622843881971416 -0.003932765628700062 0.0029674440568318704 -0.0033426088934500227 -0.00043836049671043911 -0.0033597029213800061 0.0029886760039689363 0.0068608729728593084 -0.028558642122629214 -0.0073565058057677643 -0.023006411661909032 -0.0015299728746432546 0.019440849131516866
leaf_weight=9621.445792734623 5490.7155972719193 3104.9587349444628 13213.547838255763 6286.5508164465427 5145.6560037732124 1179.2763192802668 1153.2687438726425 2071.4572971761227 3325.9132558256388 72.486804962158203 1838.2290704548359 206.37199904024601 296.240648239851 192.27535669505596
leaf_count=38934 21994 12474 53191 25293 20677 4741 4633 8322 13361 291 7389 829 1189 773
internal_value=4.712e-07 0.00139521 -0.00257169 0.000237318 -0.000695769 0.000491219 0.00325655 -0.00159033 0.00495023 -0.00369289 -0.00333208 -0.00128144 -0.0103482 0.00430718
internal_weight=53198.4 34494.1 18704.3 24680.4 18393.9 13175.7 5658.46 7517.26 4505.19 5218.14 5445.8 3607.57 502.613 9813.72
internal_count=214091 138906 75185 99199 73906 52938 22735 30203 18102 20968 21881 14492 2018 39707
is_linear=0
shrinkage=0.05


Tree=31
num_leaves=15
num_cat=2
split_feature=0 1 10 14 8 13 15 14 2 14 1 15 14 1
split_gain=71.3078 42.4907 30.6671 28.7579 30.7431 29.0337 24.5058 31.4268 29.4329 23.0333 21.0719 20.7702 24.9246 19.732
threshold=-0.0040483042648519199 0.0022125105489199108 48.183628028600005 17.500000000000004 0.010932767513617049 1.5000000000000002 0 19.500000000000004 -0.02492063882319295 21.500000000000004 -0.017387348106266073 1 7.5000000000000009 0.013265653395170609
decision_type=2 2 2 2 2 2 1 2 2 2 2 1 2 2
left_child=6 2 3 4 5 -2 -1 13 -9 -5 -10 -4 -13 -8
right_child=1 -3 11 9 -6 -7 7 8 10 -11 -12 12 -14 -15
leaf_value=-0.0017079233116171933 -0.0087248133808660137 -0.0033697439540906187 -0.0046410142593985996 0.0095893563605228063 0.0065259403800341474 0.00047620558927637802 0.0036305875420242911 0.047351937490337608 0.033187047337811741 -0.00027818088335512559 0.0076849603355665271 -0.0036759676782777417 0.001346328034196521 -0.0036976764140670307
leaf_weight=2240.0677972733974 1015.0022354424 13427.682937279344 3676.6635431349277 1898.464438393712 1740.0260474532843 5520.8865673840046 8721.1091355234385 51.037228062748909 84.912965372204781 858.98002851009369 1758.4468906074762 3688.1633723080158 7481.7673629075289 1026.7036577314138
leaf_count=9036 4072 53997 14757 7647 6991 22160 35319 209 349 3452 7139 14810 30034 4119
internal_value=4.53406e-07 -0.00108751 9.66101e-05 0.00209318 0.000619711 -0.000952683 0.00308103 0.0040005 0.00989672 0.00651549 0.00885969 -0.00138715 -0.000311689 0.00285873
internal_weight=53189.9 39307.6 25880 11033.4 8275.91 6535.89 13882.3 11642.2 1894.4 2757.44 1843.36 14846.6 11169.9 9747.81
internal_count=214091 157920 103923 44322 33223 26232 56171 47135 7697 11099 7488 59601 44844 39438
cat_boundaries=0 1 2
cat_threshold=16 20
is_linear=0
shrinkage=0.05


Tree=32
num_leaves=15
num_cat=0
split_feature=12 12 14 14 14 0 9 11 10 12 10 13 10 8
split_gain=72.8783 37.0087 34.8577 34.2436 30.1159 29.2621 26.4696 25.6082 24.1179 23.3645 22.8362 21.3468 21.2291 20.9806
threshold=3.2962015557247433e-05 -0.0062196651020852136 15.500000000000002 10.500000000000002 22.500000000000004 0.0051672321499740556 0.8187069544743939 -0.0015449987032172953 47.395886258150007 -0.0073738913279049459 36.052548346500011 4.5000000000000009 22.679590067400003 0.031662729912514627
decision_type=2 2 2 2 2 2 2 2 2 2 2 2 2 2
left_child=1 9 3 8 6 7 -4 -3 -2 12 -5 -9 -1 -7
right_child=2 5 4 10 -6 13 -8 11 -10 -11 -12 -13 -14 -15
leaf_value=0.019462657584750923 0.0015472031203156201 0.0043451958008376172 0.0036874377829555767 -0.020112500873328117 -0.0074478685704358512 -0.0080924715139993053 -0.003553685052860989 -0.0010868815278676112 -0.0036956340568412983 0.012098257934176841 -0.0061620662177438723 0.0024532860041332752 0.0029223563759572485 0.00041647976820943208
leaf_weight=203.99518615007401 3316.9411551356316 5550.2976730763912 4853.4448836296797 313.84720352292061 1015.6740298122168 1485.3610834628344 1705.5444283187389 9851.16661003232 6476.6738348007202 1044.3345930576324 4491.9947632849216 7500.1733299642801 3956.3964900821447 1414.1660871207714
leaf_count=841 13304 22436 19478 1259 4093 5968 6867 39605 26061 4228 18048 30163 16053 5687
internal_value=4.01326e-07 0.0015657 -0.00218834 -0.00361628 0.00056388 0.000789843 0.00180452 0.00138899 -0.00191997 0.0054118 -0.0070731 0.000443367 0.00373337 -0.00394246
internal_weight=53180 31005.9 22174.1 14599.5 7574.66 25801.2 6558.99 22901.6 9793.61 5204.73 4805.84 17351.3 4160.39 2899.53
internal_count=214091 124981 89110 58672 30438 103859 26345 92204 39365 21122 19307 69768 16894 11655
is_linear=0
shrinkage=0.05


Tree=33
num_leaves=15
num_cat=1
split_feature=12 1 2 14 2 3 10 14 12 13 15 11 5 3
split_gain=65.9541 44.2063 27.1548 28.2578 26.8525 24.6942 24.6859 19.2037 19.1654 28.8006 18.8293 17.7041 25.7543 16.2579
threshold=-0.0041958201901549077 0.0022808203777616724 -0.00055919432601253527 19.500000000000004 -0.010733644889952319 0.0039434646065129595 29.864911556650004 22.500000000000004 -0.0004279934581945532 5.5000000000000009 0 -0.0020601192182743123 0.0088120839326894119 0.0029500277601833829
decision_type=2 2 2 2 2 2 2 2 2 2 1 2 2 2
left_child=6 2 3 8 -3 10 -1 -8 9 -2 -6 12 -4 -11
right_child=1 4 11 -5 5 -7 7 -9 -10 13 -12 -13 -14 -15
leaf_value=0.01195156022427054 0.0015188509296682926 0.0025622048829253502 0.0091719761923456742 0.0075667128266945398 -0.00024483274900687259 -0.0072074117332971092 0.002606608277592582 0.014738873649459628 -7.1564359392739968e-05 0.018549503147694529 -0.0045471754719307346 -0.0015975703636965798 -0.0011471507412877198 0.0028296686336140246
leaf_weight=908.29967591166496 1816.0137172490358 1985.2591020315886 1001.7704146057367 2025.909077450633 5098.7338128685951 3614.6064438968897 6725.116794154048 342.7924150377512 8068.4775767624378 487.47736942768097 5078.4777251183987 14244.255652353168 1525.2742907702923 248.23494152724743
leaf_count=3724 7331 7962 4039 8164 20504 14548 27224 1392 32414 1968 20430 57247 6142 1002
internal_value=3.93175e-07 -0.0007394 0.000405797 0.00215522 -0.0028747 -0.00365731 0.00419218 0.00319502 0.00112293 0.00489988 -0.00239643 -0.000913328 0.00294355 0.0132455
internal_weight=53170.7 45194.5 29417.4 12646.1 15777.1 13791.8 7976.21 7067.91 10620.2 2551.73 10177.2 16771.3 2527.04 735.712
internal_count=214091 181751 118307 50879 63444 55482 32340 28616 42715 10301 40934 67428 10181 2970
cat_boundaries=0 1
cat_threshold=19
is_linear=0
shrinkage=0.05


Tree=34
num_leaves=15
num_cat=0
split_feature=12 1 14 14 14 14 8 13 14 10 2 10 10 0
split_gain=62.4848 34.6633 30.6488 30.9128 27.4084 25.1136 23.0838 23.5331 29.2538 22.541 21.7322 21.2352 20.8528 20.5899
threshold=3.2962015557247433e-05 0.00021711271085367303 15.500000000000002 10.500000000000002 22.500000000000004 2.5000000000000004 0.0029367279292261688 1.5000000000000002 18.500000000000004 35.80202381965001 -0.0037453707582693614 47.395886258150007 36.052548346500011 -8.8646588606244845e-05
decision_type=2 2 2 2 2 2 2 2 2 2 2 2 2 2
left_child=1 6 3 11 -4 -3 7 8 9 -1 -8 -2 -5 -7
right_child=2 5 4 12 -6 13 10 -9 -10 -11 -12 -13 -14 -15
leaf_value=0.001083787208343431 0.0014994292706175156 -0.0054504069951060987 0.0017380236468315709 -0.019108728368308861 -0.0070907017242160383 0.0018458588904583556 0.011030181151226056 0.0025322136870491903 0.010445530225776278 -0.01415415408613052 0.0039183302652532901 -0.003420490437959162 -0.0057796616116519116 -0.002360737818782984
leaf_weight=385.97188502550125 3316.8064883053303 1988.9664051234722 6557.5788652747869 313.94559089839458 1015.1674520075321 9527.9582241624594 1344.8384635150433 7314.5286508202553 253.49388481676579 653.79011242091656 5337.4262183308601 6474.2791572958231 4490.3519973009825 4187.3497465997934
leaf_count=1570 13304 7987 26345 1259 4093 38307 5455 29619 1028 2631 21552 26061 18048 16832
internal_value=3.48496e-07 0.00145005 -0.00202655 -0.0033657 0.000554485 -0.000199859 0.00314465 0.00143292 -0.00478456 -0.00849765 0.00534963 -0.00175383 -0.00665067 0.000561565
internal_weight=53162.5 30994.3 22168.1 14595.4 7572.75 15704.3 15290 8607.78 1293.26 1039.76 6682.26 9791.09 4804.3 13715.3
internal_count=214091 124981 89110 58672 30438 63126 61855 34848 5229 4201 27007 39365 19307 55139
is_linear=0
shrinkage=0.05


Tree=35
num_leaves=15
num_cat=1
split_feature=12 9 12 0 2 1 12 15 8 14 10 9 11 7
split_gain=56.8204 39.7055 29.3057 26.6191 27.8065 27.7452 29.484 26.3373 24.9471 24.3962 22.2222 20.0885 23.1905 18.5695
threshold=-0.0041958201901549077 0.72133117308123551 -0.0041007192486650071 0.0050541214661734566 0.012722956038387802 -0.0049506002371089699 0.0043889114892048395 0 0.011553785908293481 12.500000000000002 29.864911556650004 1.1420653824646325 0.0034648985219448351 0.022764625459288593
decision_type=2 2 2 2 2 2 2 1 2 2 2 2 2 2
left_child=10 2 -2 4 8 -5 -7 9 -4 -3 -1 -9 13 -13
right_child=1 7 3 5 -6 6 -8 11 -10 -11 -12 12 -14 -15
leaf_value=0.011263652250662485 -0.022520226981298595 -0.0096936190051542803 0.00028326703282573001 0.0013433445581191076 -0.0071980930552809977 -0.0097603174048208913 -0.00037975672105907679 -0.0021002628295803587 0.0036667692848589904 -0.0022141947313273026 0.0029470591827046515 0.0014064803523441533 -0.0047490442688737609 0.020810182142154132
leaf_weight=906.27563624083996 139.68393059074879 2269.8860656917095 15185.959606096148 2579.2769186496735 956.59610064327717 1862.0498380362988 1522.6312272399664 9260.7543143033981 8495.6244931221008 2097.8799457550049 7063.6627012491226 212.41978189349174 306.90415573120117 293.90243701636791
leaf_count=3724 565 9152 61075 10331 3848 7485 6121 37268 34176 8443 28616 858 1242 1187
internal_value=3.40787e-07 -0.000686243 0.000329656 0.000433955 0.00115948 -0.00256333 -0.00554038 -0.00284876 0.00149708 -0.00608724 0.00389275 -0.00143719 0.006096 0.0126697
internal_weight=53153.5 45183.6 30741.8 30602.1 24638.2 5963.96 3384.68 14441.7 23681.6 4367.77 7969.94 10074 813.226 506.322
internal_count=214091 181751 123601 123036 99099 23937 13606 58150 95251 17595 32340 40555 3287 2045
cat_boundaries=0 1
cat_threshold=36
is_linear=0
shrinkage=0.05


Tree=36
num_leaves=15
num_cat=0
split_feature=12 1 1 12 8 13 10 2 6 12 2 2 4 12
split_gain=53.4462 30.6398 27.6719 25.3743 20.8849 27.8225 23.3469 20.6058 20.0484 19.4469 18.5213 17.7866 17.6888 23.0036
threshold=3.2962015557247433e-05 0.00021711271085367303 -0.002951166826870077 0.011578430794286223 -0.0044883687344317571 1.5000000000000002 34.040710830900004 -0.0037453707582693614 0.0073750189834808086 -0.0054488831885213243 0.014677290464946703 -0.010127498392848098 0.0021355123069156661 -0.0057474258279956439
decision_type=2 2 2 2 2 2 2 2 2 2 2 2 2 2
left_child=1 4 -2 11 5 6 9 -6 -8 -1 -5 -4 -3 -14
right_child=2 12 3 10 7 -7 8 -9 -10 -11 -12 -13 13 -15
leaf_value=0.018066069711720704 0.00058904772680080529 0.0010365669560525447 0.0014649869376688216 0.0054711562293000048 0.010135071241107471 0.0023759640322530643 -0.014573657157490871 0.0035264825553954549 0.0082185470189983841 -0.0046644105218898368 -0.014231064209770878 -0.0044303427627359606 0.0042159051464682523 -0.0040106431755708664
leaf_weight=148.86134947836399 7527.532688587904 10118.692274153233 1433.7636508494616 1182.5972263067961 1467.6516530513763 6642.0439057797194 646.24093425273895 6008.5694234222174 113.41487158834934 255.77202691137791 132.66529196500778 11886.027308449149 1045.6500949561596 4536.1636317372322
leaf_count=613 30192 40684 5750 4765 5960 26917 2603 24268 456 1038 536 47867 4219 18223
internal_value=3.22397e-07 0.00134136 -0.00187444 -0.00314153 0.00293508 0.00112621 -0.00600338 0.00482381 -0.0111708 0.00369795 0.00348387 -0.00379576 -0.000209921 -0.00246955
internal_weight=53145.6 30983.1 22162.6 14635.1 15282.6 7806.33 1164.29 7476.22 759.656 404.633 1315.26 13319.8 15700.5 5581.81
internal_count=214091 124981 89110 58918 61855 31627 4710 30228 3059 1651 5301 53617 63126 22442
is_linear=0
shrinkage=0.05


Tree=37
num_leaves=15
num_cat=0
split_feature=12 9 14 14 9 4 11 3 14 10 14 8 12 12
split_gain=49.5874 29.2043 20.9447 33.0732 25.106 23.9632 22.0091 21.8382 20.8233 22.3012 19.6364 18.4384 19.2379 31.1455
threshold=-0.0011674646071456738 0.22699495526036137 22.500000000000004 16.500000000000004 0.84895894563628904 0.0056921359082432463 0.0013992510734449164 0.0097087056057052496 2.5000000000000004 38.107355989350005 21.500000000000004 0.012825299532323144 0.0049038154121857644 0.015369993845233633
decision_type=2 2 2 2 2 2 2 2 2 2 2 2 2 2
left_child=8 11 3 5 6 -3 7 -5 9 -1 -6 12 -2 -14
right_child=1 2 -4 4 10 -7 -8 -9 -10 -11 -12 -13 13 -15
leaf_value=0.0074232595110411545 0.0016692339279274989 -0.0015507490970364764 -0.0076498832908104292 0.0024351424895840898 -0.0057048329398040514 -0.0057030446724058628 0.0089005750817911945 -0.011481910151702511 0.0029474599211445165 -0.0048787099699666376 0.0084559723322952009 0.0066967326823030183 -0.011866272886803669 0.019644698655246876
leaf_weight=467.58768993616104 4490.3423527181149 16573.51816393435 1411.3966033160686 3894.301658809185 1586.2265496551991 4396.3150611966848 1287.4985604435205 303.87334324419498 14478.377406209707 1736.6799951642752 289.48591566085815 1565.9321118146181 565.30523127317429 91.04696486890316
leaf_count=1899 18086 66637 5691 15630 6388 17685 5170 1221 58583 6987 1165 6316 2268 365
internal_value=3.17245e-07 -0.00103293 -0.00170524 -0.0014091 0.00147422 -0.00242128 0.00318167 0.00142779 0.0022582 -0.00226911 -0.00351934 0.00194597 0.000500507 -0.00749518
internal_weight=53137.9 36455.2 29742.6 28331.2 7361.39 20969.8 5485.67 4198.18 16682.6 2204.27 1875.71 6712.63 5146.69 656.352
internal_count=214091 146622 119587 113896 29574 84322 22021 16851 67469 8886 7553 27035 20719 2633
is_linear=0
shrinkage=0.05


Tree=38
num_leaves=15
num_cat=0
split_feature=0 1 2 12 14 3 2 12 7 6 1 12 8 7
split_gain=46.5051 36.8976 28.8582 27.9478 27.3555 22.4074 24.0076 21.5878 21.6458 19.0501 18.0237 18.8402 17.677 25.0203
threshold=0.003699763210055496 -0.0028778493288778013 0.0087871720536379944 0.0010040672475923886 2.5000000000000004 0.0043036907247521192 -0.0007390658751857403 0.015369993845233633 0.050749556920885237 -0.011942814490501717 -0.0039508958830135046 0.0084852493863107909 -0.0083462427977399316 -0.010068380298621669
decision_type=2 2 2 2 2 2 2 2 2 2 2 2 2 2
left_child=1 2 12 4 5 6 -3 10 -9 -8 11 -2 13 -1
right_child=7 3 -4 -5 -6 -7 9 8 -10 -11 -12 -13 -14 -15
leaf_value=0.0046481756787716743 0.0009687064492801419 0.0049859818663411069 -0.0025079859040756602 -0.0032780666977101827 0.0013918686303788044 -0.012348643423439797 0.008663160362546999 0.0079867876387460686 -0.0095303242029072914 -0.0088868113563916017 -0.004163919695969508 -0.0082629534091039052 0.0067509728868137865 -0.0033719447600071895
leaf_weight=3431.8466136753559 3931.6253619492054 836.0902404487133 1755.6047149300575 5413.7497713714838 19153.900742679834 621.25623904168606 183.57073752582073 865.88288246095181 221.46086424589157 980.69705812633038 9277.182588711381 643.06682828068733 4456.7421701103449 1356.9707553237677
leaf_count=13957 15753 3360 7091 21754 77107 2496 739 3482 893 3941 37431 2576 18040 5471
internal_value=3.05425e-07 0.000925512 0.00336878 -6.307e-05 0.000736231 -0.00405396 -0.00147785 -0.00236488 0.00441905 -0.0061197 -0.0028974 -0.000328993 0.0044847 0.00237558
internal_weight=53129.6 38190.4 11001.2 27189.3 21775.5 2621.61 2000.36 14939.2 1087.34 1164.27 13851.9 4574.69 9245.56 4788.82
internal_count=214091 153956 44559 109397 87643 10536 8040 60135 4375 4680 55760 18329 37468 19428
is_linear=0
shrinkage=0.05


Tree=39
num_leaves=15
num_cat=0
split_feature=12 0 4 14 13 10 12 10 12 12 14 14 7 14
split_gain=43.5636 26.6618 21.4907 26.4251 21.4526 22.182 24.285 20.5408 20.0248 19.5557 26.6298 21.3478 19.5352 19.1312
threshold=-0.0046942448263663774 0.003699763210055496 0.00032784955586362413 7.5000000000000009 4.5000000000000009 58.796398382400007 -0.0014625231101467737 29.864911556650004 0.015369993845233633 0.0010040672475923886 15.500000000000002 9.5000000000000018 0.050749556920885237 22.500000000000004
decision_type=2 2 2 2 2 2 2 2 2 2 2 2 2 2
left_child=7 2 4 -4 -2 -6 -7 -1 -3 13 11 -11 -10 -5
right_child=1 8 3 9 5 6 -8 -9 12 10 -12 -13 -14 -15
leaf_value=0.010908491355661597 -4.6229506096878822e-05 -0.0028556058020780231 -0.004032392675521925 0.0023781953184569462 0.0047945125756338903 0.012534618072443224 -0.0069850414349236492 0.002650766731028448 0.0075847506885575768 0.0030144287738270385 0.0017201422782279199 -0.012003182962156437 -0.0090609957687316344 -0.0075279381846784042
leaf_weight=856.51580299437046 9337.7167703360319 13489.058288231492 5092.0634227544069 6957.1800308674574 5927.0203787088394 197.74720245599747 820.47520968317986 6235.5796480476856 866.18282409012318 311.09522789716721 1295.6163017451763 988.7751561999321 221.28964897990227 524.10419806838036
leaf_count=3534 37574 54318 20485 28010 23860 795 3301 25298 3482 1250 5206 3972 893 2113
internal_value=2.93914e-07 -0.000561757 0.000257474 -0.00109666 0.00151896 0.00362332 -0.00319416 0.00364806 -0.00232941 0.000386838 -0.00335275 -0.00840905 0.00419751 0.00168422
internal_weight=53120.4 46028.3 31451.8 15168.8 16283 6945.24 1018.22 7092.1 14576.5 10076.8 2595.49 1299.87 1087.47 7481.28
internal_count=214091 185259 126566 61036 65530 27956 4096 28832 58693 40551 10428 5222 4375 30123
is_linear=0
shrinkage=0.05


Tree=40
num_leaves=15
num_cat=1
split_feature=12 1 15 2 2 1 10 10 12 14 3 14 14 12
split_gain=39.3344 32.5425 24.0032 21.1145 19.1734 20.3819 18.6381 18.5978 18.3148 21.962 17.4224 14.0149 13.8078 13.8709
threshold=-0.0046942448263663774 -0.002951166826870077 0 0.00054355703796549204 0.0094564506938675814 -0.017387348106266073 54.255088702800002 29.864911556650004 -0.0011674646071456738 2.5000000000000004 0.030668512119504169 22.500000000000004 19.500000000000004 -0.01591456729744117
decision_type=2 2 1 2 2 2 2 2 2 2 2 2 2 2
left_child=7 4 10 6 -2 -6 -4 -1 9 -5 -3 -10 13 -9
right_child=1 2 3 8 5 -7 -8 12 11 -11 -12 -13 -14 -15
leaf_value=0.01038303038720413 0.0022752401285964226 0.00049062508170443213 0.00054993075648009635 -0.012480931950459642 0.0065974313888374813 -0.0055031533423371866 -0.0037603913236892161 -0.0048349153443326244 -0.005203723501457337 0.0010831572249341218 -0.020000247948060376 -0.016065159053866223 0.0076588023621167838 0.0025136488227929061
leaf_weight=854.91090671718121 11767.067124351859 12310.339955046773 6932.2810931056738 344.62330125272274 441.86792224645615 1638.0252993553877 3929.6391349285841 751.83525630831718 6017.1088705807924 2225.9866074025631 104.61724662780762 312.41988077759743 1080.2343525141478 4401.7635737359524
leaf_count=3534 47387 49538 27859 1386 1776 6580 15840 3056 24253 8954 421 1265 4403 17839
internal_value=2.86174e-07 -0.000533724 -0.00140591 -0.00248762 0.00149302 -0.00293242 -0.00100946 0.00346737 -0.00429438 -0.000735283 0.000317699 -0.00573983 0.00251895 0.0014416
internal_weight=53112.7 46024 32177 19762.1 13847 2079.89 10861.9 7088.74 8900.14 2570.61 12415 6329.53 6233.83 5153.6
internal_count=214091 185259 129516 79557 55743 8356 43699 28832 35858 10340 49959 25518 25298 20895
cat_boundaries=0 1
cat_threshold=3
is_linear=0
shrinkage=0.05


Tree=41
num_leaves=15
num_cat=0
split_feature=0 14 1 13 4 1 14 9 8 13 14 14 9 4
split_gain=37.1037 26.7853 24.6825 23.3375 24.1188 20.4213 19.9742 37.0496 20.2414 31.0811 19.7263 33.1696 31.6704 25.7379
threshold=0.0023290117367292811 18.500000000000004 -0.0089106617927042758 4.5000000000000009 0.003342425163283536 -0.0078549708127746958 21.500000000000004 0.89620825732590925 -0.060161068024666468 3.5000000000000004 12.500000000000002 8.5000000000000018 0.52452379254961279 -0.0045668406267916342
decision_type=2 2 2 2 2 2 2 2 2 2 2 2 2 2
left_child=1 2 -1 10 -5 -2 7 8 9 -3 11 13 -12 -4
right_child=5 6 3 4 -6 -7 -8 -9 -10 -11 12 -13 -14 -15
leaf_value=0.0046503402339102941 0.0016220619510896425 0.011553597835890873 0.0035400826444892835 0.0030225108630878086 -0.0024936207676394522 -0.0025946763117032086 0.000536252940294008 -0.011097390452166091 0.008891837114790262 -0.0094506495196252926 -0.0077833592428476544 0.0040194554501715475 0.00075825995708440604 -0.0039408311040148546
leaf_weight=2863.1090997904539 3543.810800164938 309.58590777218342 1478.254428178072 7510.9127179831266 2691.8503272533417 15128.994554072618 2949.3021477162838 297.97146689891815 3203.498111218214 408.55472460389137 2665.343330770731 3049.007346868515 1830.5074574947357 5173.8507612198591
leaf_count=11648 14204 1260 5956 30256 10842 60981 11921 1197 12949 1660 10761 12280 7355 20821
internal_value=2.7679e-07 0.000973557 0.000258436 -0.000256919 0.00156716 -0.0017944 0.00369311 0.0058996 0.00719105 -0.000395851 -0.00156781 -0.000299015 -0.0043056 -0.0022784
internal_weight=53104.6 34431.7 27262.8 24399.7 10202.8 18672.8 7168.91 4219.61 3921.64 718.141 14197 9701.11 4495.85 6652.11
internal_count=214091 138906 109919 98271 41098 75185 28987 17066 15869 2920 57173 39057 18116 26777
is_linear=0
shrinkage=0.05


Tree=42
num_leaves=15
num_cat=2
split_feature=0 1 15 8 13 1 12 12 9 15 1 8 12 6
split_gain=35.0782 25.5803 21.7284 17.5602 17.618 16.8794 15.778 20.1199 18.2572 16.2198 15.1654 14.139 13.8532 18.066
threshold=-0.0040483042648519199 -0.00061826149468968683 0 -0.089320621565406974 1.5000000000000002 -0.0074730001455541864 0.011578430794286223 0.00081821880535426505 0.34800612469506981 1 -0.039559557955594286 0.023351381775654104 -0.011724047795263535 -0.052052476193732648
decision_type=2 2 1 2 2 2 2 2 2 1 2 2 2 2
left_child=2 -2 -1 10 5 -5 7 8 11 -10 -4 -3 13 -6
right_child=1 6 3 4 12 -7 -8 -9 9 -11 -12 -13 -14 -15
leaf_value=-0.0023449292960171565 0.00063414708699716668 0.00079439127721015108 0.024168455250940829 0.011620499055419507 0.018004030058978243 -0.0033928525537603206 0.0040050471096856411 -0.0042140572865163577 0.00041274502915355929 -0.0037846580382928964 -0.0021686252463271965 0.0096907691336997961 0.0055292790083559954 -0.0034110821549413074
leaf_weight=2235.5656484216452 17860.076992824674 2398.0011770278215 56.342640355229378 220.13746300339699 111.60951340198517 1251.8371964693069 1064.4626536518335 7893.5474124997854 3921.3049021661282 5569.8240385651588 1828.7782144993544 548.82848601043224 7300.6758721470833 837.37118446826935
leaf_count=9036 71765 9623 234 902 463 5064 4296 31873 15758 22402 7441 2203 29613 3418
internal_value=2.85288e-07 -0.000762846 0.00216448 0.00303244 0.00389146 -0.00114757 -0.00192897 -0.00223965 -0.000986623 -0.00205403 -0.00138146 0.00245129 0.00479057 -0.000892453
internal_weight=53098.4 39256 13842.3 11606.8 9721.63 1471.97 21396 20331.5 12438 9491.13 1885.12 2946.83 8249.66 948.981
internal_count=214091 157920 56171 47135 39460 5966 86155 81859 49986 38160 7675 11826 33494 3881
cat_boundaries=0 1 2
cat_threshold=16 25
is_linear=0
shrinkage=0.05


Tree=43
num_leaves=15
num_cat=0
split_feature=0 1 2 11 5 14 4 14 2 8 7 14 7 2
split_gain=32.413 27.9864 24.8014 20.6259 18.8293 17.4535 19.9765 41.903 18.3255 17.3793 18.4859 17.2154 16.9741 16.1346
threshold=0.003699763210055496 -0.0028778493288778013 0.0087871720536379944 0.0014323188072116822 0.0025161289248301793 16.500000000000004 -0.0075673917629684997 11.500000000000002 -0.0019319333668708081 -0.0083462427977399316 -0.010068380298621669 1.0000000180025095e-35 -0.0097621398668500375 0.0025389553063166486
decision_type=2 2 2 2 2 2 2 2 2 2 2 2 2 2
left_child=1 2 4 -4 -1 6 7 -3 -7 10 -6 -2 13 -9
right_child=11 5 3 -5 9 8 -8 12 -10 -11 -12 -13 -14 -15
leaf_value=-0.016001833532365228 -0.0094716092646823583 0.0077080191873805173 -0.0072057246689522418 0.0037598197636906881 0.0040330388907654103 0.005168003088852461 -0.0015207652030886291 -0.022500814817635332 0.00014103890222736832 0.0064555687186093579 -0.0029442037641093117 -0.0015905440221559307 0.00085912644746252449 -0.00037597596087817278
leaf_weight=116.89576219022274 728.4781426936388 1672.6147744357586 1009.2497458457947 745.68559913337231 3402.7861848920584 2760.2970923632383 16737.938159644604 226.99826644361019 5282.3822092264891 4396.4742148369551 1316.6464525014162 14198.964372590184 366.19539378583431 129.36076861619949
leaf_count=471 2939 6733 4084 3007 13865 11130 67346 915 21279 17822 5310 57196 1473 521
internal_value=2.30956e-07 0.00077289 0.00290229 -0.00254638 0.00393795 -8.80694e-05 -0.000909607 0.0033613 0.00186632 0.00419364 0.0020865 -0.00197515 -0.00670077 -0.0144693
internal_weight=53091 38163.5 10987.7 1754.94 9232.8 27175.8 19133.1 2395.17 8042.68 9115.91 4719.43 14927.4 722.554 356.359
internal_count=214091 153956 44559 7091 37468 109397 76988 9642 32409 36997 19175 60135 2909 1436
is_linear=0
shrinkage=0.05


Tree=44
num_leaves=15
num_cat=0
split_feature=12 1 8 7 9 12 12 0 12 6 11 5 12 5
split_gain=32.9657 25.543 24.0344 29.3618 25.8162 23.9811 21.5251 20.4164 18.0145 17.4002 16.3304 19.4891 16.6815 19.0072
threshold=-0.0062196651020852136 0.0022808203777616724 -0.044600230168946924 -0.0085994047990603489 0.23075767130046063 0.016568796262520061 -0.0073738913279049459 -0.0093228373908212907 -0.0049191274628502804 -0.0041525766620645879 -0.012273108294155215 0.01611298341762931 -0.018681005720922402 0.012405332057162282
decision_type=2 2 2 2 2 2 2 2 2 2 2 2 2 2
left_child=6 2 3 5 9 -2 10 -6 -5 -4 -1 12 13 -12
right_child=1 -3 4 8 7 -7 -8 -9 -10 -11 11 -13 -14 -15
leaf_value=0.019525775951998225 -0.00090104966830779421 -0.0019750384735236471 0.0048203065149370746 -0.036505661135374019 0.0095761349636303318 0.018484610273114047 0.010222079694564833 1.330531710082678e-05 -0.0069134435785873499 -0.0093982138863584735 -0.012348609014634351 -0.0041557081502381354 0.0053302571736433138 0.0092697363687385768
leaf_weight=131.30369220674038 4756.8247372061014 16876.236819013953 5154.888027459383 53.05378270149231 575.58623342216015 165.06769631803036 1039.4422705024481 18418.723643243313 1679.2817316353321 224.54526878893375 302.37357674539089 1074.3568139076233 2480.1695231348276 153.18396830558777
leaf_count=544 19188 67970 20870 215 2339 662 4228 74068 6753 904 1239 4371 10112 628
internal_value=2.37905e-07 -0.00040952 0.000441971 -0.00222134 0.00116908 -0.000250904 0.00378904 0.000303089 -0.00781972 0.00422681 0.00217442 0.00160628 0.00371493 -0.00507931
internal_weight=53085 47904.2 31028 6654.23 24373.7 4921.89 5180.83 18994.3 1732.34 5379.43 4141.39 4010.08 2935.73 455.558
internal_count=214091 192969 124999 26818 98181 19850 21122 76407 6968 21774 16894 16350 11979 1867
is_linear=0
shrinkage=0.05


Tree=45
num_leaves=15
num_cat=1
split_feature=12 12 1 8 13 12 12 10 7 10 3 12 0 15
split_gain=30.0284 21.0425 20.334 18.6639 18.7539 17.9948 26.8369 17.6796 16.8829 16.7549 15.6397 16.5534 13.2004 12.8037
threshold=3.2962015557247433e-05 0.015369993845233633 0.00021711271085367303 -0.017008130388239059 1.5000000000000002 -0.0060473842745359377 -0.0028510402696944044 53.887273933200007 0.026559030475424187 37.224023734650004 -0.0022528787432143922 0.00015106597282255055 -8.8646588606244845e-05 0
decision_type=2 2 2 2 2 2 2 2 2 2 2 2 2 1
left_child=2 7 3 4 5 -1 9 10 -3 -7 11 -2 -4 -5
right_child=1 8 12 13 -6 6 -8 -9 -10 -11 -12 -13 -14 -15
leaf_value=0.0052674425913438079 -0.021758504477442361 0.0095072999528609294 0.00069914170583485781 0.00018236698960678063 0.0013713254660724676 -0.01192605353710767 -0.0046669823225858487 -0.003448014717663643 -0.0027136016446162084 -0.042748090745319337 0.0010058264907539956 -0.0022329335015699061 -0.0024562268031953628 0.0047853921081360655
leaf_weight=248.9311864823103 111.05575877428055 765.47825285792351 10930.161437153816 1941.7275049239397 5419.2138826996088 88.701782405376434 518.22196759283543 9011.3269166946411 448.00210027396679 87.672481060028076 6996.3277274817228 4805.6773142665625 4757.1959324479103 6949.0016717016697
leaf_count=1022 446 3076 43974 7874 22019 362 2089 36367 1807 353 28103 19311 19152 28136
internal_value=2.57042e-07 -0.00140571 0.00100621 0.0023061 0.000238657 -0.0062669 -0.0104006 -0.00177693 0.00499549 -0.0272471 -0.000512889 -0.00267396 -0.000257725 0.00378568
internal_weight=53078.7 22137.9 30940.8 15253.5 6362.74 943.527 694.596 20924.4 1213.48 176.374 11913.1 4916.73 15687.4 8890.73
internal_count=214091 89110 124981 61855 25845 3826 2804 84227 4883 715 47860 19757 63126 36010
cat_boundaries=0 1
cat_threshold=20
is_linear=0
shrinkage=0.05


Tree=46
num_leaves=15
num_cat=0
split_feature=12 9 13 4 13 14 14 5 6 8 4 7 14 8
split_gain=28.6626 20.0244 33.6124 21.539 29.1929 19.1437 29.069 18.8606 21.862 18.4405 18.1977 18.1078 18.0714 17.5353
threshold=-0.0046942448263663774 0.72133117308123551 5.5000000000000009 0.0064857410760666987 4.5000000000000009 22.500000000000004 21.500000000000004 0.0072969360145776242 -0.0071489008193331141 0.0077736869307626364 -0.0054635967169587287 0.028388021566458813 4.5000000000000009 0.1192668805852103
decision_type=2 2 2 2 2 2 2 2 2 2 2 2 2 2
left_child=-1 3 5 4 -2 6 12 8 -6 -7 -10 -5 13 -3
right_child=1 2 -4 11 7 9 -8 -9 10 -11 -12 -13 -14 -15
leaf_value=0.0029624634002357194 -0.00062090302621730644 -0.0066535241277166984 -0.0059064350886048941 -0.0044509062138053494 0.0093590239159279474 -0.022324971425588053 0.012184573146462416 0.00040830209566164265 0.012688158412813772 -0.0029040040969222462 0.0017608281727148622 0.0047030169800954614 0.00051918213251876579 0.0063243519816877664
leaf_weight=7077.4695851057768 15781.243989765644 1772.1864263862371 3976.7878092825413 3579.5683228820562 1700.8956640958786 188.32143932580948 464.80690681934357 5022.4217587560415 418.4626747071743 348.26806727051735 4256.2435985803604 636.27355393767357 7544.1327880471945 305.09240587055683
leaf_count=28832 63512 7157 16064 14412 6874 762 1868 20228 1682 1410 17106 2563 30388 1233
internal_value=2.98186e-07 -0.000455507 -0.00198538 0.000255928 0.000771721 -0.000517487 -2.79114e-05 0.00269989 0.00450511 -0.00971999 0.002739 -0.00306936 -0.000617892 -0.00474745
internal_weight=53072.2 45994.7 14599.6 31395.1 27179.3 10622.8 10086.2 11398 6375.6 536.59 4674.71 4215.84 9621.41 2077.28
internal_count=214091 185259 58882 126377 109402 42818 40646 45890 25662 2172 18788 16975 38778 8390
is_linear=0
shrinkage=0.05


Tree=47
num_leaves=15
num_cat=0
split_feature=1 2 12 3 12 14 2 14 2 1 12 3 2 11
split_gain=26.7579 21.1118 21.7075 23.7417 22.0924 20.4785 20.4705 19.0448 15.9789 22.7943 17.7765 14.4077 20.4232 14.0231
threshold=-0.0045303429366326245 -0.010127498392848098 0.00038945954957891887 0.0066496095271278985 0.011578430794286223 2.5000000000000004 0.014677290464946703 18.500000000000004 0.0094564506938675814 -0.017387348106266073 0.0084852493863107909 0.0041224072031025303 -0.00079787966071093164 -0.0008122841002838456
decision_type=2 2 2 2 2 2 2 2 2 2 2 2 2 2
left_child=8 7 5 4 -4 11 13 -2 10 -10 -1 12 -3 -6
right_child=1 2 3 -5 6 -7 -8 -9 9 -11 -12 -13 -14 -15
leaf_value=0.0034354961295382791 0.0011118601057613154 0.0045871579086851555 -0.0023636772435056659 -0.007542832641188814 -0.0058628606061090173 0.00046940293123264216 -0.0154093136739098 0.0097979048008112052 0.0066105928431937954 -0.0049726551569854891 -0.0040152965381878439 -0.010444156063797007 -0.0056404992763937735 0.011650607203406309
leaf_weight=9612.8678402006626 3181.3761181235313 749.70773783326149 10280.20433421433 2067.6163449287415 138.73327457904816 20375.473354354501 100.3757905960083 787.21553888916969 578.52927723526955 1597.5600446611643 873.26244087517262 675.35059224069118 1398.8134553879499 648.95464770495892
leaf_count=38923 12802 3018 41456 8353 558 82152 406 3178 2335 6434 3502 2720 5635 2619
internal_value=2.80577e-07 -0.000628257 -0.00100546 -0.00262122 -0.00171007 -8.3629e-05 0.00585613 0.00283484 0.00200588 -0.00189316 0.00281501 -0.004074 -0.00207165 0.00856601
internal_weight=53066 40403.8 36435.2 13235.9 11168.3 23199.3 888.064 3968.59 12662.2 2176.09 10486.1 2823.87 2148.52 787.688
internal_count=214091 162897 146917 53392 45039 93525 3583 15980 51194 8769 42425 11373 8653 3177
is_linear=0
shrinkage=0.05


Tree=48
num_leaves=15
num_cat=0
split_feature=12 2 14 3 14 9 14 4 13 14 1 9 14 10
split_gain=25.3736 25.2026 25.2668 15.5591 23.2113 19.3949 18.3972 23.0784 15.1245 14.5243 17.1832 16.754 14.2304 16.1269
threshold=-0.0011674646071456738 -0.002065161005346094 19.500000000000004 0.0028763269305355226 22.500000000000004 0.2933234763626435 15.500000000000002 0.0049913990797409999 5.5000000000000009 14.500000000000002 -0.0025764710233322492 0.844470899318017 2.5000000000000004 38.107355989350005
decision_type=2 2 2 2 2 2 2 2 2 2 2 2 2 2
left_child=12 2 -2 4 6 -6 7 9 -4 10 -3 -11 13 -1
right_child=1 3 8 -5 5 -7 -8 -9 -10 11 -12 -13 -14 -15
leaf_value=0.006132638442612956 5.865478906861764e-05 0.0034853072571211932 0.0085686925494849187 -0.0037491177161650541 0.0059857797911380024 -0.01308040646736953 0.0021118772577707174 -0.0062930099366329817 -0.0010762148218434336 -0.012807264657783833 -0.0014400966688325146 0.0072739683824238222 0.0021877847881841286 -0.0043457148818352651
leaf_weight=465.77689965069294 10847.535437718034 2527.6154980361462 1553.7332501113415 6718.5203866809607 168.13787823915482 645.27307984232903 4788.1291583627462 2116.5899824202061 550.47354547679424 446.30624338984489 5913.7426447868347 135.37107081711292 14447.823735073209 1735.07118293643
leaf_count=1899 43642 10154 6260 27072 678 2610 19272 8533 2219 1794 23841 547 58583 6987
internal_value=2.62272e-07 -0.000739085 0.00103131 -0.00171649 -0.000900768 -0.00913929 -0.000480036 -0.00159411 0.00604552 -0.000491866 3.47285e-05 -0.00813385 0.00161725 -0.00212813
internal_weight=53060.1 36411.4 12951.7 23459.7 16741.2 813.411 15927.8 11139.6 2104.21 9023.04 8441.36 581.677 16648.7 2200.85
internal_count=214091 146622 52121 94501 67429 3288 64141 44869 8479 36336 33995 2341 67469 8886
is_linear=0
shrinkage=0.05


Tree=49
num_leaves=15
num_cat=1
split_feature=0 1 2 15 5 12 8 7 8 10 0 9 2 8
split_gain=24.7331 20.3872 20.2947 17.7271 16.9775 16.2918 15.002 15.3157 14.6235 14.5432 14.8498 14.1479 13.9756 16.4735
threshold=0.003699763210055496 -0.0028778493288778013 0.0087871720536379944 0 0.0025161289248301793 0.0010040672475923886 -0.0083462427977399316 -0.010068380298621669 -0.11269930786202491 63.435569431200001 -0.021832842801765225 0.83998548672348317 0.011200287081966078 0.10183103008217854
decision_type=2 2 2 1 2 2 2 2 2 2 2 2 2 2
left_child=1 2 4 -2 -1 -3 7 -6 -5 10 -4 -7 -10 -14
right_child=3 5 9 8 6 11 -8 -9 12 -11 -12 -13 13 -15
leaf_value=-0.015497682199754573 -0.0001235009397324706 0.00055111018657529444 0.0092571302660244114 0.0045091352677790212 0.0034908757641433398 -0.0012399660132357475 0.0057789924639248536 -0.0028617768977875612 -0.0034726669459889457 0.0092526942054898653 -0.0060171816610386352 -0.0076434337567412962 -0.017492440894507102 -0.00052513440402967085
leaf_weight=116.94283549487591 8013.2120020091534 21754.95782352984 180.51197993755341 516.23561155796051 3397.3109539151192 4330.1642325073481 4388.9609588831663 1316.421318307519 5767.6666770130396 231.12011070549488 1343.032490119338 1077.1601232737303 396.51122143864632 223.7943649739027
leaf_count=471 32301 87643 738 2076 13865 17398 17822 5310 23253 931 5422 4356 1600 905
internal_value=2.4725e-07 0.000675437 0.00249419 -0.00172589 0.00343221 -5.93868e-05 0.0036754 0.00171675 -0.00358029 -0.00243452 -0.00420746 -0.00251556 -0.00423963 -0.011371
internal_weight=53054 38136.6 10974.3 14917.4 9219.64 27162.3 9102.69 4713.73 6904.21 1754.66 1523.54 5407.32 6387.97 620.306
internal_count=214091 153956 44559 60135 37468 109397 36997 19175 27834 7091 6160 21754 25758 2505
cat_boundaries=0 1
cat_threshold=25
is_linear=0
shrinkage=0.05


Tree=50
num_leaves=15
num_cat=1
split_feature=12 12 9 8 2 6 15 10 10 14 14 4 14 6
split_gain=23.0034 19.7548 17.074 21.8119 22.0012 18.8082 17.5629 20.3237 17.0968 24.7531 20.4545 18.0675 15.7522 22.0359
threshold=-0.0062196651020852136 -0.0073738913279049459 0.22699495526036137 -0.027592680899445662 -0.021540899383577668 -0.0063936948510319716 0 36.520390496050005 47.271992090150007 13.500000000000002 18.500000000000004 -0.0075673917629684997 6.5000000000000009 -0.0067577043062159161
decision_type=2 2 2 2 2 2 1 2 2 2 2 2 2 2
left_child=1 -1 3 -2 -5 -6 7 -4 12 11 -11 -10 -8 -14
right_child=2 -3 6 4 5 -7 8 -9 9 10 -12 -13 13 -15
leaf_value=0.0016205961145348592 -0.0010207370054718824 0.0093388852801691482 -0.010372624338622356 -0.011037200506924196 0.005612746819086239 -0.0032136003582176284 0.0055812080035968865 0.00037343303505949459 0.0017392477361244476 0.0028672899075292513 -0.0032850093750448638 -0.005669206686358827 -0.005568048174958911 0.0033200684434410302
leaf_weight=4134.2865799516439 4576.2529145479202 1036.9721466302872 449.61500655114651 242.05465531349182 4367.1336383670568 700.35971224308014 1217.0614640414715 20557.77400393784 939.72124062478542 2608.1431352943182 2802.8466086089611 6623.9984384179115 1430.5625906735659 1360.5966646075249
leaf_count=16894 18495 4228 1807 978 17693 2823 4890 82769 3789 10498 11294 26711 5753 5469
internal_value=2.38325e-07 0.00316831 -0.000341956 0.00150905 0.00368945 0.00439289 -0.000823623 0.00014337 -0.00201866 -0.00290161 -0.000319549 -0.00474878 0.000834412 -0.00123539
internal_weight=53047.4 5171.26 47876.1 9885.8 5309.55 5067.49 37990.3 21007.4 16982.9 12974.7 5410.99 7563.72 4008.22 2791.16
internal_count=214091 21122 192969 39989 21494 20516 152980 84576 68404 52292 21792 30500 16112 11222
cat_boundaries=0 1
cat_threshold=11
is_linear=0
shrinkage=0.05


Tree=51
num_leaves=15
num_cat=0
split_feature=1 0 12 13 9 14 2 8 11 14 10 9 11 8
split_gain=21.9797 21.1525 17.5329 16.1906 19.6437 16.5801 14.678 16.1593 15.0561 14.0418 13.9893 17.9901 14.8609 13.8746
threshold=-0.0045303429366326245 0.0031201227894854804 0.010592637429989617 4.5000000000000009 0.32825228795570299 7.5000000000000009 0.010868972569075043 0.060546434310298276 -0.0040324730153760389 13.500000000000002 62.756742601850007 0.77511024178536336 0.0016024489192918345 -0.081373374409383734
decision_type=2 2 2 2 2 2 2 2 2 2 2 2 2 2
left_child=-1 3 -3 -2 5 -5 7 8 -4 -6 11 -11 -12 -7
right_child=1 2 6 4 9 13 -8 -9 -10 10 12 -13 -14 -15
leaf_value=0.0018186195729208235 -0.00086501440548171884 -0.0031311325615604535 -0.015446112133763913 0.0092324413283469617 -0.0015821812820773261 -0.0063000965808194358 -0.0099019678609751777 -0.0047262932906138224 0.010072866244994261 0.0031548944032609274 -0.00058218688266335392 -0.0066361022358093075 0.015757206780381915 0.0037402275147391199
leaf_weight=12653.924578547478 16699.136024475098 9992.2840099930763 62.098363265395164 1235.3692344427109 4867.0940008312464 404.26703263819218 195.62004993855953 323.66723109781742 834.94526495039463 2279.920452862978 223.70344500243664 590.71628092229366 368.21847079694271 2311.3602920174599
leaf_count=51194 67282 40395 249 4987 19583 1637 794 1308 3366 9177 900 2377 1482 9360
internal_value=2.35903e-07 -0.000569474 -0.00239318 0.000148471 0.0015266 0.00443016 0.00281314 0.00485075 0.0083063 0.000149356 0.00258327 0.00114011 0.0095821 0.00224556
internal_weight=53042.3 40388.4 11408.6 28979.8 12280.6 3951 1416.33 1220.71 897.044 8329.65 3462.56 2870.64 591.922 2715.63
internal_count=214091 162897 46112 116785 49503 15984 5717 4923 3615 33519 13936 11554 2382 10997
is_linear=0
shrinkage=0.05


Tree=52
num_leaves=15
num_cat=0
split_feature=0 2 14 14 8 8 14 9 0 14 14 3 14 12
split_gain=20.3506 19.1919 20.4033 18.9134 19.2281 18.5954 19.0653 25.2804 18.3597 19.7987 18.1035 17.443 18.6786 17.8435
threshold=-0.0043360964884949218 -0.002065161005346094 22.500000000000004 22.500000000000004 0.10990829224627076 -0.087329823089685218 21.500000000000004 0.38468793602459456 0.0060195191226259945 19.500000000000004 19.500000000000004 0.0028763269305355226 15.500000000000002 0.0015482878162753624
decision_type=2 2 2 2 2 2 2 2 2 2 2 2 2 2
left_child=3 8 11 5 -5 -1 10 -8 9 -2 -7 12 -3 -13
right_child=1 2 -4 4 -6 6 7 -9 -10 -11 -12 13 -14 -15
leaf_value=-0.0028423796663852299 0.0011441753319907154 -0.0012850158846924441 -0.0075267906622837749 0.013819596703141796 -0.01555279638341063 0.0019760751930274112 -0.019889315159459083 0.0044237034145053469 -0.0017995978720063849 0.0073073288411330999 0.009551888144411734 -0.0012197737920619949 0.0022662304734523153 -0.0064713517188526764
leaf_weight=2231.0128498077393 8203.9174681603909 12299.000877350569 1280.2620518058538 508.58242540061474 62.573771551251411 9101.4984305799007 221.29674816131592 206.85762764513493 4297.0877507179976 1549.1352652609348 863.3829096108675 4333.7575585246086 5297.6466675698757 2580.6656591296196
leaf_count=9085 33009 49543 5176 2081 255 36954 907 840 17286 6244 3532 17445 21320 10414
internal_value=2.22181e-07 -0.000563429 -0.00137339 0.00170211 0.0106017 0.00129946 0.00218856 -0.00814277 0.000923388 0.00212311 0.00263246 -0.00105199 -0.000215878 -0.00317982
internal_weight=53036.7 39841.5 25791.3 13195.2 571.156 12624 10393 428.154 14050.1 9753.05 9964.88 24511.1 17596.6 6914.42
internal_count=214091 160437 103898 53654 2336 51318 42233 1747 56539 39253 40486 98722 70863 27859
is_linear=0
shrinkage=0.05


Tree=53
num_leaves=15
num_cat=0
split_feature=1 0 14 13 4 9 2 14 9 5 4 9 14 9
split_gain=20.389 20.1058 20.954 19.6949 18.6605 23.8326 17.9599 18.474 29.655 20.344 17.7868 19.397 17.453 32.2489
threshold=-0.0078549708127746958 0.0023290117367292811 18.500000000000004 4.5000000000000009 0.0011175504118461357 0.32825228795570299 -0.02492063882319295 21.500000000000004 0.89620825732590925 0.011996101733903463 0.0012350708170022486 0.90177348398836299 12.500000000000002 0.52452379254961279
decision_type=2 2 2 2 2 2 2 2 2 2 2 2 2 2
left_child=-1 2 3 12 -5 -6 -4 8 9 -8 -9 -12 -2 -14
right_child=1 -3 6 4 5 -7 7 10 -10 -11 11 -13 13 -15
leaf_value=0.0023847056084915514 -0.00035459748114029509 -0.0018927244809110089 0.02372208085735281 0.0031496420290416599 0.0049815771857266485 -0.0035821728933456923 0.0078652791687340417 0.0027661848163514288 -0.010423835636023481 -0.0024741200449106219 -0.007687079808218155 0.017073508431930163 -0.0077568314289301193 0.00096488524155216636
leaf_weight=7668.5948873311281 9499.5768436193466 15104.771041303873 101.77593207359314 5908.7563384026289 1117.7225055992603 2974.3519645780325 2833.0768478363752 1520.1953032910824 293.93739582598209 571.77426455914974 972.93735939264297 86.0945965051651 2577.4644411057234 1800.0625597089529
leaf_count=31059 38274 60981 417 23833 4525 11970 11463 6144 1182 2318 3933 347 10408 7237
internal_value=2.28205e-07 -0.000402871 0.000340869 -0.000339258 0.00135227 -0.00124304 0.00288641 0.00254864 0.00481356 0.00612899 -0.000699422 -0.00567415 -0.0015583 -0.00417041
internal_weight=53031.1 45362.5 30257.7 23877.9 10000.8 4092.07 6379.79 6278.02 3698.79 3404.85 2579.23 1059.03 13877.1 4377.53
internal_count=214091 183032 122051 96247 40328 16495 25804 25387 14963 13781 10424 4280 55919 17645
is_linear=0
shrinkage=0.05


Tree=54
num_leaves=15
num_cat=1
split_feature=12 12 11 11 1 8 7 12 2 0 15 2 6 12
split_gain=19.2258 18.0653 19.1401 18.6954 18.0515 21.5939 25.1031 21.4444 21.2189 19.4726 27.178 18.101 20.9039 15.1004
threshold=-0.0062196651020852136 -0.0097205928101282684 -0.0068464038468791901 -0.00039462616951049925 0.0024803917246194467 -0.044600230168946924 -0.0085994047990603489 0.016568796262520061 -0.010733644889952319 -0.00074823212623514868 0 -0.014049493139166256 -0.0071489008193331141 0.0084852493863107909
decision_type=2 2 2 2 2 2 2 2 2 2 1 2 2 2
left_child=1 2 -1 -4 5 6 7 13 -6 10 -7 -8 -13 -2
right_child=4 -3 3 -5 8 9 11 -9 -10 -11 -12 12 -14 -15
leaf_value=0.010648330673865621 -0.00019556922115782565 0.0060485086338464876 -0.0054399532708927535 0.0035051284637247016 0.0030290119782349556 0.0053255399750778065 0.017094390680944146 0.017376035188780527 -0.0023578304186547775 9.6607794533437461e-06 -0.00021497283217276477 -0.021684646643884215 -0.005996924288844456 -0.011755954296267461
leaf_weight=373.28313918411732 4509.9924052804708 2419.3212638199329 1336.7659601718187 1037.4623765796423 2098.2886514812708 5091.0832007676363 73.132730036973953 165.67617905139923 14195.823353528976 15819.729389458895 3917.2706805169582 249.15288715064526 1437.4993950873613 301.35247954726219
leaf_count=1554 18209 9875 5484 4209 8429 20635 294 665 57262 63608 15870 1004 5784 1209
internal_value=2.35776e-07 0.00289783 0.000123507 -0.00153124 -0.000312587 0.000385095 -0.0021255 -0.000310609 -0.00166414 0.00106632 0.00292193 -0.00725839 -0.00831432 -0.000919639
internal_weight=53025.8 5166.83 2747.51 2374.23 47859 31564.9 6736.81 4977.02 16294.1 24828.1 9008.35 1759.79 1686.65 4811.34
internal_count=214091 21122 11247 9693 192969 127278 27165 20083 65691 100113 36505 7082 6788 19418
cat_boundaries=0 1
cat_threshold=42
is_linear=0
shrinkage=0.05


Tree=55
num_leaves=15
num_cat=0
split_feature=1 2 8 0 13 12 8 4 8 5 6 12 7 5
split_gain=18.5174 16.6654 19.2057 16.0816 17.8848 15.3874 19.5579 14.7075 14.3057 14.3444 13.6115 13.1833 13.6659 12.9654
threshold=-0.0045303429366326245 -0.010127498392848098 -0.038796924559266636 0.0005574815998892203 4.5000000000000009 0.011578430794286223 0.080147419146601187 0.00088416092865384332 0.10990829224627076 0.0082693036270282474 0.054823565327281394 0.02278023525959905 0.040624265749025341 0.0021898405453118432
decision_type=2 2 2 2 2 2 2 2 2 2 2 2 2 2
left_child=-1 -2 -3 4 -4 8 11 13 10 -10 -5 12 -7 -6
right_child=1 2 3 5 7 6 -8 -9 9 -11 -12 -13 -14 -15
leaf_value=0.0016697089180963875 0.0025550954200506087 -0.0031106568218614511 -0.00062639502057342509 -0.0023895734593869719 -0.0068555839486715772 0.018679436447818838 -0.007276366665840148 8.3985067733229144e-05 0.012682635699577664 0.00020383737215678169 -0.016335482752968724 -0.0043405266753527077 -0.0037000973365859378 0.0055848400804496649
leaf_weight=12648.204822540283 3966.0760329216719 7510.1794524639845 9157.3358459621668 10716.442923367023 222.65974245965481 350.46226131916046 222.46424542367458 2856.5352690666914 286.57449479401112 1172.5693687051535 177.86992341279984 120.9008776396513 84.700580075383186 3526.9630388468504
leaf_count=51194 15980 30311 36904 43264 896 1413 903 11519 1160 4754 724 488 343 14238
internal_value=2.93056e-07 -0.000522724 -0.000858026 -0.000272548 0.000804064 -0.0015649 0.0052529 0.00278694 -0.00199457 0.00265466 -0.00261727 0.0102655 0.0143235 0.0048461
internal_weight=53019.9 40371.7 36405.7 28895.5 15763.5 13132 778.528 6606.16 12353.5 1459.14 10894.3 556.064 435.163 3749.62
internal_count=214091 162897 146917 116606 63557 53049 3147 26653 49902 5914 43988 2244 1756 15134
is_linear=0
shrinkage=0.05


Tree=56
num_leaves=15
num_cat=0
split_feature=12 12 1 8 7 12 2 3 0 13 14 12 12 14
split_gain=17.0715 17.0315 15.8954 19.0286 22.3787 19.2218 17.9182 20.0646 17.0041 18.3171 18.1129 19.4946 16.4721 16.0792
threshold=-0.0062196651020852136 -0.0076189970795729192 0.0024803917246194467 -0.044600230168946924 -0.0085994047990603489 0.016568796262520061 -0.010733644889952319 0.0064992214486223618 -0.0012764056469117822 2.5000000000000004 11.500000000000002 -0.0031292731947124559 -0.0049191274628502804 15.500000000000002
decision_type=2 2 2 2 2 2 2 2 2 2 2 2 2 2
left_child=1 -1 3 4 5 -2 -4 -8 9 10 -5 -12 -6 -10
right_child=2 -3 6 8 12 -7 7 -9 13 -11 11 -13 -14 -15
leaf_value=0.0011442803850395976 -0.0008592557203979935 0.0079261583541044948 0.0027496640667084948 0.003513012497428978 -0.033899581377510167 0.016468470310897133 -0.0013231265622966806 -0.0062288555764089858 -0.00099541102454926483 0.0044695845926628203 -0.016919102798548063 -0.0016499933061098636 -0.0059779128833850718 0.0022776526707373036
leaf_weight=3955.7975507378578 4811.2502480298281 1208.5866014659405 2098.3918941020966 1215.1413184404373 54.509267494082451 165.5555839240551 11654.650203004479 2538.2570661604404 11213.28609597683 5584.2568703740835 272.36753559112549 899.03704835474491 1705.3120253533125 5639.3816257715225
leaf_count=16184 19418 4938 8429 4914 220 665 47006 10256 45086 22677 1112 3642 6862 22682
internal_value=2.71121e-07 0.0027314 -0.000294487 0.00036025 -0.0019965 -0.000282841 -0.00156287 -0.00220047 0.000999829 0.00290266 -0.000763787 -0.00520027 -0.00684277 9.98491e-05
internal_weight=53015.8 5164.38 47851.4 31560.1 6736.63 4976.81 16291.3 14192.9 24823.5 7970.8 2386.55 1171.4 1759.82 16852.7
internal_count=214091 21122 192969 127278 27165 20083 65691 57262 100113 32345 9668 4754 7082 67768
is_linear=0
shrinkage=0.05


Tree=57
num_leaves=15
num_cat=2
split_feature=1 0 14 2 14 9 15 12 13 13 15 6 5 13
split_gain=16.4336 16.4551 15.9487 17.8256 17.9377 41.0107 22.2777 16.9944 16.2188 28.5484 15.7542 16.485 15.5973 15.4004
threshold=-0.0078549708127746958 0.003699763210055496 18.500000000000004 -0.02492063882319295 21.500000000000004 0.89620825732590925 0 1.0000000180025095e-35 5.5000000000000009 4.5000000000000009 1 -0.0073409936700938308 0.011433216322551761 4.5000000000000009
decision_type=2 2 2 2 2 2 1 2 2 2 1 2 2 2
left_child=-1 2 7 -4 5 12 -6 13 9 -8 11 -3 -5 -2
right_child=1 10 3 4 6 -7 8 -9 -10 -11 -12 -13 -14 -15
leaf_value=0.0021416376794938514 -0.00075340118227727705 -0.005929369438162393 0.022223276727157876 0.0071743162923565158 -0.007921480251343177 -0.011756360421940223 0.0011652960461277374 -0.00231651382420872 -0.0051186959694591175 0.018838030656571428 -0.0038993451116639205 0.00091340132804711279 -0.0011560295209941515 0.0021692850733004278
leaf_weight=7664.2613039314747 10844.86218804121 1059.1638085246086 110.55148085951805 3083.9481599032879 826.20198236405849 371.44767732918262 1164.2758025228977 7829.0058359503746 604.06264917552471 284.31886518001556 5559.7902604043484 5208.1602417230606 687.09871676564217 7712.6356561481953
leaf_count=31059 43745 4257 454 12479 3339 1496 4704 31488 2444 1149 22473 21069 2784 31151
internal_value=2.73458e-07 -0.000361658 0.000204126 0.002302 0.00198833 0.00409513 -0.0010432 -0.000362899 0.00175537 0.00463396 -0.00196511 -0.000242625 0.0056565 0.000461289
internal_weight=53009.8 45345.5 33518.4 7131.91 7021.35 4142.49 2878.86 26386.5 2052.66 1448.59 11827.1 6267.32 3771.05 18557.5
internal_count=214091 183032 135233 28849 28395 16759 11636 106384 8297 5853 47799 25326 15263 74896
cat_boundaries=0 1 2
cat_threshold=48 25
is_linear=0
shrinkage=0.05


Tree=58
num_leaves=15
num_cat=1
split_feature=1 2 2 1 12 12 14 11 2 15 0 6 0 0
split_gain=15.4002 15.6355 15.5387 15.0586 14.0684 19.6799 16.4442 14.4986 14.3464 13.9849 15.9757 15.9039 17.2697 16.321
threshold=-0.002951166826870077 -0.010127498392848098 0.011923978362462508 -0.020357453943369349 0.00081821880535426505 0.011578430794286223 2.5000000000000004 0.0044986563962067993 0.014677290464946703 0 0.0010152606374634889 0.014834675874829674 -0.025119072552363616 -0.0078222531387333021
decision_type=2 2 2 2 2 2 2 2 2 1 2 2 2 2
left_child=2 -2 -1 -4 6 7 -3 -6 -7 10 11 12 -8 -13
right_child=1 4 3 -5 5 8 9 -9 -10 -11 -12 13 -14 -15
leaf_value=0.0018379113585092425 0.0025014013125677671 -0.0038756058116135418 0.006037004014857429 -0.0050839136961296728 -0.0025386915482382157 0.0062430646343568904 -0.014964441591081299 -0.0094532263609245284 -0.011389909706279448 -0.0013871428029850294 -0.0016045925602839219 0.017906328932837414 0.0019459166858789814 0.0045059011785022005
leaf_weight=14455.283382356167 3721.5538289397955 2687.4864303469658 377.81120690703392 1566.5681133717299 8657.8353369086981 925.90240949392319 154.15169107913971 830.87912422418594 131.77091383934021 7583.6418292820454 3313.0170216113329 297.4483747035265 7337.839331060648 962.40765249729156
leaf_count=58531 14992 10832 1528 6314 34997 3738 627 3382 536 30585 13361 1202 29599 3867
internal_value=1.57233e-07 -0.000570314 0.00127345 -0.00292301 -0.000917964 -0.00242305 -0.000207306 -0.00314416 0.00404625 0.000294437 0.00135146 0.00247202 0.00159798 0.0076697
internal_weight=53003.6 36603.9 16399.7 1944.38 32882.4 10546.4 22336 9488.71 1057.67 19648.5 12064.9 8751.85 7491.99 1259.86
internal_count=214091 147718 66373 7842 132726 42653 90073 38379 4274 79241 48656 35295 30226 5069
cat_boundaries=0 1
cat_threshold=11
is_linear=0
shrinkage=0.05


Tree=59
num_leaves=15
num_cat=1
split_feature=12 2 14 15 8 9 6 7 3 4 14 9 13 14
split_gain=14.688 17.6468 17.1035 15.283 12.1744 14.1996 14.513 13.7514 13.4795 12.6191 16.4959 18.8934 32.3251 16.2474
threshold=-0.0022286733329855975 -0.002065161005346094 19.500000000000004 0 -0.060161068024666468 0.18567969236839735 -0.023114794509554611 -0.0072257341864544458 0.00043705753905454175 -0.006131879710925491 7.5000000000000009 0.33596428664126171 5.5000000000000009 22.500000000000004
decision_type=2 2 2 1 2 2 2 2 2 2 2 2 2 2
left_child=-1 2 -2 -4 7 -6 -7 -3 -9 -8 11 12 -11 -12
right_child=1 4 3 -5 5 6 9 8 -10 10 13 -13 -14 -15
leaf_value=0.0014889799806250892 0.00019026124178664046 -0.0020614884493776126 -0.0012442413286882816 0.0075929395851174423 0.0030051183312339706 -0.012491785536296519 0.0020615815206455564 -0.0033534268786019113 -0.015368461482621493 -0.0024433768222499358 6.3710319942248833e-06 -0.0048618550718604343 0.023052206039065791 -0.0069879666484893403
leaf_weight=12620.672020047903 11973.62390331924 2422.698883742094 707.38386577367783 1590.2996143102646 2188.9575528651476 282.19641999900341 2770.0551701635122 479.58071391284466 454.81039254367352 472.97463305294514 11027.197778016329 4940.5852534174919 168.65362179279327 897.89956232905388
leaf_count=51325 48217 9760 2853 6420 8865 1136 11167 1935 1836 1900 44420 19944 678 3635
internal_value=1.36858e-07 -0.000465233 0.000948511 0.00489988 -0.00123809 -0.000823299 -0.00123091 -0.00404885 -0.00920169 -0.00107419 -0.00157034 -0.00381358 0.0042582 -0.000520267
internal_weight=52997.6 40376.9 14271.3 2297.68 26105.6 22748.5 20559.6 3357.09 934.391 20277.4 17507.3 5582.21 641.628 11925.1
internal_count=214091 162766 57490 9273 105276 91745 82880 13531 3771 81744 70577 22522 2578 48055
cat_boundaries=0 1
cat_threshold=48
is_linear=0
shrinkage=0.05


Tree=60
num_leaves=15
num_cat=1
split_feature=1 8 15 13 14 14 6 0 0 2 11 2 2 8
split_gain=14.3216 16.7763 26.4599 19.4196 19.9502 25.3019 20.4747 18.9443 14.2825 14.1999 15.6956 14.081 14.1296 14.0192
threshold=8.8066930867491968e-05 0.0029367279292261688 0 1.5000000000000002 18.500000000000004 22.500000000000004 0.024876378630070976 0.0072038363752838794 -0.027356810262705197 0.010868972569075043 -0.015412968140200094 -0.002065161005346094 -0.00096651208118775356 0.039313915497740333
decision_type=2 2 1 2 2 2 2 2 2 2 2 2 2 2
left_child=1 3 13 4 6 7 8 -6 -1 10 -5 -4 -13 -3
right_child=-2 2 11 9 5 -7 -8 -9 -10 -11 -12 12 -14 -15
leaf_value=0.018927656790248271 -0.00082398280765284468 0.0018723223018833975 0.0032834430060478905 0.026417108048482796 0.016641884239027346 -0.019883415951916571 0.020477882808101852 -0.015190247347262856 -0.0089372440395411 -0.0050696612263795432 0.00082210719065059837 -0.012256214711466427 -0.0011218794237176041 0.0065539637353921598
leaf_weight=47.329132899641991 26425.576592385769 2971.940320238471 1856.3725271075964 60.220706984400749 276.23226845264435 81.157840326428413 64.901619970798492 56.259077996015549 1620.8682903945446 1069.7330927550793 11152.777632877231 309.89316223561764 3537.5821530073881 3461.6177412420511
leaf_count=197 106631 12014 7523 250 1124 329 261 226 6534 4317 45144 1254 14285 14002
internal_value=1.87503e-07 0.000819974 0.00218994 -0.000332377 -0.00471992 0.00514625 -0.00707474 0.0112557 -0.00814668 0.000434468 0.000959568 -0.000292546 -0.00201869 0.00438449
internal_weight=52992.5 26566.9 12137.4 14429.5 2146.75 413.649 1733.1 332.491 1668.2 12282.7 11213 5703.85 3847.48 6433.56
internal_count=214091 107460 49078 58382 8671 1679 6992 1350 6731 49711 45394 23062 15539 26016
cat_boundaries=0 1
cat_threshold=42
is_linear=0
shrinkage=0.05


end of trees

feature_importances:
hour_of_day=156
btc_return=108
return_lag_2=94
return_lag_1=87
return_lag_3=74
bb_position=57
sma200_deviation=45
rsi14=40
day_of_week=40
symbol_code=34
macd_hist_ratio=31
return_lag_5=21
sma20_deviation=20
return_lag_4=18
sma50_deviation=17
volatility_20=12

parameters:
[boosting: gbdt]
[objective: binary]
[metric: binary_logloss]
[tree_learner: serial]
[device_type: cpu]
[data_sample_strategy: bagging]
[data: ]
[valid: ]
[num_iterations: 1000]
[learning_rate: 0.05]
[num_leaves: 15]
[num_threads: 0]
[seed: 20260818]
[deterministic: 0]
[force_col_wise: 0]
[force_row_wise: 0]
[histogram_pool_size: -1]
[max_depth: -1]
[min_data_in_leaf: 200]
[min_sum_hessian_in_leaf: 0.001]
[bagging_fraction: 1]
[pos_bagging_fraction: 1]
[neg_bagging_fraction: 1]
[bagging_freq: 0]
[bagging_seed: 5611]
[bagging_by_query: 0]
[feature_fraction: 0.8]
[feature_fraction_bynode: 1]
[feature_fraction_seed: 31734]
[extra_trees: 0]
[extra_seed: 414]
[early_stopping_round: 0]
[early_stopping_min_delta: 0]
[first_metric_only: 0]
[max_delta_step: 0]
[lambda_l1: 0]
[lambda_l2: 0]
[linear_lambda: 0]
[min_gain_to_split: 0]
[drop_rate: 0.1]
[max_drop: 50]
[skip_drop: 0.5]
[xgboost_dart_mode: 0]
[uniform_drop: 0]
[drop_seed: 2883]
[top_rate: 0.2]
[other_rate: 0.1]
[min_data_per_group: 100]
[max_cat_threshold: 32]
[cat_l2: 10]
[cat_smooth: 10]
[max_cat_to_onehot: 4]
[top_k: 20]
[monotone_constraints: ]
[monotone_constraints_method: basic]
[monotone_penalty: 0]
[feature_contri: ]
[forcedsplits_filename: ]
[refit_decay_rate: 0.9]
[cegb_tradeoff: 1]
[cegb_penalty_split: 0]
[cegb_penalty_feature_lazy: ]
[cegb_penalty_feature_coupled: ]
[path_smooth: 0]
[interaction_constraints: ]
[verbosity: -1]
[saved_feature_importance_type: 0]
[use_quantized_grad: 0]
[num_grad_quant_bins: 4]
[quant_train_renew_leaf: 0]
[stochastic_rounding: 1]
[linear_tree: 0]
[max_bin: 255]
[max_bin_by_feature: ]
[min_data_in_bin: 3]
[bin_construct_sample_cnt: 200000]
[data_random_seed: 4752]
[is_enable_sparse: 1]
[enable_bundle: 1]
[use_missing: 1]
[zero_as_missing: 0]
[feature_pre_filter: 1]
[pre_partition: 0]
[two_round: 0]
[header: 0]
[label_column: ]
[weight_column: ]
[group_column: ]
[ignore_column: ]
[categorical_feature: 15]
[forcedbins_filename: ]
[precise_float_parser: 0]
[parser_config_file: ]
[objective_seed: 2779]
[num_class: 1]
[is_unbalance: 0]
[scale_pos_weight: 1]
[sigmoid: 1]
[boost_from_average: 1]
[reg_sqrt: 0]
[alpha: 0.9]
[fair_c: 1]
[poisson_max_delta_step: 0.7]
[tweedie_variance_power: 1.5]
[lambdarank_truncation_level: 30]
[lambdarank_norm: 1]
[label_gain: ]
[lambdarank_position_bias_regularization: 0]
[eval_at: ]
[multi_error_top_k: 1]
[auc_mu_weights: ]
[num_machines: 1]
[local_listen_port: 12400]
[time_out: 120]
[machine_list_filename: ]
[machines: ]
[gpu_platform_id: -1]
[gpu_device_id: -1]
[gpu_device_id_list: ]
[gpu_use_dp: 0]
[num_gpu: 1]

end of parameters

pandas_categorical:null
